id,name,type,source_seconds,width_m,depth_m,source_roof_iou,source_edge_rmse_px,near_source_review,review_image,inference
B002,近景蓝色金属顶住宅,metal,44,12.912565391037232,4.126781101687844,0.9537041719342604,1.0020953712303113,True,review/buildings/B002.jpg,隐蔽面、远景细部、层高和尺寸为合理推测
B003,蓝顶前方老灰楼,flat,44,8.774925210223682,9.783161610394137,0.8413898813213565,8.180086708749567,True,review/buildings/B003.jpg,隐蔽面、远景细部、层高和尺寸为合理推测
B004,蓝顶后侧旧混凝土楼,flat,44,14.774494115719403,8.529926385164353,0.9254893725006345,1.453231782150354,True,review/buildings/B004.jpg,隐蔽面、远景细部、层高和尺寸为合理推测
B005,蓝顶西侧粉灰住宅,flat,44,13.740384942799782,7.942427493342359,0.9089070830788532,2.0534092314351877,True,review/buildings/B005.jpg,隐蔽面、远景细部、层高和尺寸为合理推测
B006,红色三层住宅,flat,44,10.516124013221601,6.730780528405066,0.7942403296956118,3.1990275284109813,True,review/buildings/B006.jpg,隐蔽面、远景细部、层高和尺寸为合理推测
B007,红楼后方灰色三层住宅,flat,44,12.68099044452606,8.84852764111336,0.8614135386297376,2.339855961843482,True,review/buildings/B007.jpg,隐蔽面、远景细部、层高和尺寸为合理推测
B008,西侧白色转角阳台住宅,flat,44,10.4970578804011,7.094704148871641,0.7387389091734615,4.232676057688176,True,review/buildings/B008.jpg,隐蔽面、远景细部、层高和尺寸为合理推测
B009,西侧浅绿色住宅,flat,44,12.84817823480849,8.573601321420549,0.7791660629298142,3.4749864700396262,True,review/buildings/B009.jpg,隐蔽面、远景细部、层高和尺寸为合理推测
B010,西侧白色平顶住宅,flat,44,13.238623006430654,7.602994583419688,0.7482873888863906,3.1017935145431834,True,review/buildings/B010.jpg,隐蔽面、远景细部、层高和尺寸为合理推测
B011,画面左缘白顶住宅,flat,44,6.71513613559834,2.718249399110657,0.28864249636753614,10.079932460112904,True,review/buildings/B011.jpg,隐蔽面、远景细部、层高和尺寸为合理推测
B012,蓝色坡顶西侧白色住宅,flat,44,11.358320546742963,11.344610393426194,0.8476636042631243,4.902210469336862,True,review/buildings/B012.jpg,隐蔽面、远景细部、层高和尺寸为合理推测
B013,灰楼后方白色屋顶,flat,44,8.871754290155998,6.854059757664995,0.8973680513276823,1.123602601953164,True,review/buildings/B013.jpg,隐蔽面、远景细部、层高和尺寸为合理推测
B014,蓝色四坡顶别墅,hip,44,7.399317694911137,12.69264765878466,0.8741622623004414,3.0745205665401105,True,review/buildings/B014.jpg,隐蔽面、远景细部、层高和尺寸为合理推测
B015,蓝色别墅东侧低翼,flat,44,4.969971542103049,2.838561779582339,0.7840582615086523,1.3412704416168915,True,review/buildings/B015.jpg,隐蔽面、远景细部、层高和尺寸为合理推测
B016,池塘近端绿窗住宅,flat,44,9.854906186065369,9.244507148831893,0.6372779415279216,4.807884532180806,True,review/buildings/B016.jpg,隐蔽面、远景细部、层高和尺寸为合理推测
B017,池塘中段白色住宅,flat,44,11.00657923293286,9.148031234796758,0.7352194562725188,3.0536478207097058,True,review/buildings/B017.jpg,隐蔽面、远景细部、层高和尺寸为合理推测
B018,池塘后段白色住宅,flat,44,11.288619137318571,8.034049324789477,0.895588433995406,0.666806205398933,True,review/buildings/B018.jpg,隐蔽面、远景细部、层高和尺寸为合理推测
B019,池塘西侧白色多阳台住宅,flat,44,8.048504553775446,13.638175223125304,0.6945551421211388,3.595702034240427,True,review/buildings/B019.jpg,隐蔽面、远景细部、层高和尺寸为合理推测
B020,池塘西侧白色多阳台住宅后翼,flat,44,6.933459547633077,6.97586898009295,0.864419032597266,0.859706647284963,True,review/buildings/B020.jpg,隐蔽面、远景细部、层高和尺寸为合理推测
B021,中区米色三层住宅,flat,44,9.549455821347742,5.851717028207974,0.4996070294570719,3.960546097301045,True,review/buildings/B021.jpg,隐蔽面、远景细部、层高和尺寸为合理推测
B022,中区黑栏杆白色住宅,flat,44,8.5807792131274,6.512995576797867,0.6415936192055595,3.0510157389482093,True,review/buildings/B022.jpg,隐蔽面、远景细部、层高和尺寸为合理推测
B023,西中区白色露台住宅,flat,256,7.253177633987842,6.2330559578793725,0.8467918666259813,1.8498385612876176,True,review/buildings/B023.jpg,隐蔽面、远景细部、层高和尺寸为合理推测
B024,西中区灰绿三层住宅,flat,44,13.588901490715088,8.694005324226628,0.6862973595202229,2.543203743549357,True,review/buildings/B024.jpg,隐蔽面、远景细部、层高和尺寸为合理推测
B025,后区大米黄色住宅,flat,256,5.174000205317494,9.187859653566655,0.9367899858533031,0.8686398106259354,True,review/buildings/B025.jpg,隐蔽面、远景细部、层高和尺寸为合理推测
B026,后区竖带立面住宅,flat,256,3.6614288116599214,5.940579806847207,0.9366404324668097,0.7240876039860775,True,review/buildings/B026.jpg,隐蔽面、远景细部、层高和尺寸为合理推测
B027,后区黄色长楼,flat,256,5.632004820800701,8.3904868812591,0.8161760954955875,2.1893068475473085,True,review/buildings/B027.jpg,隐蔽面、远景细部、层高和尺寸为合理推测
B028,蓝顶前方浅灰白顶住宅,flat,44,9.087787217935364,4.4153283233495415,0.875706070504968,2.1520316626998426,True,review/buildings/B028.jpg,隐蔽面、远景细部、层高和尺寸为合理推测
B029,近景大面积拼花屋顶住宅,flat,44,11.746418090466042,6.94482772116585,0.8826483964045264,6.282016429902167,True,review/buildings/B029.jpg,隐蔽面、远景细部、层高和尺寸为合理推测
B030,道路前段白色带露台住宅,flat,44,7.946369403669916,7.5946494251685435,0.8412300602202135,10.623632998371622,True,review/buildings/B030.jpg,隐蔽面、远景细部、层高和尺寸为合理推测
B031,道路最近端白色阳台住宅,flat,44,9.588763086778904,6.295946441012428,0.9611312124684414,1.7220404807653051,True,review/buildings/B031.jpg,隐蔽面、远景细部、层高和尺寸为合理推测
O001,老屋区瓦顶单元 001,gable,256,11.25139758108336,7.984731272822483,0.962338720965657,0.7673135129408751,False,review/buildings/O001.jpg,隐蔽面、远景细部、层高和尺寸为合理推测
O002,老屋区瓦顶单元 002,gable,256,3.8349679259068026,7.138124650983923,0.9813322627820951,0.25443765079753716,False,review/buildings/O002.jpg,隐蔽面、远景细部、层高和尺寸为合理推测
O003,老屋区平顶单元 003,flat,256,4.1445962770200335,5.925932804297188,0.9800604618254326,0.2246855160877073,True,review/buildings/O003.jpg,隐蔽面、远景细部、层高和尺寸为合理推测
O004,老屋区瓦顶单元 004,gable,256,3.3857821862671122,7.132364415515202,0.9949395010867097,0.1293751319867458,False,review/buildings/O004.jpg,隐蔽面、远景细部、层高和尺寸为合理推测
O005,老屋区瓦顶单元 005,gable,256,3.9196152803998876,7.529794234094724,0.9783074590977994,0.2563041071712494,False,review/buildings/O005.jpg,隐蔽面、远景细部、层高和尺寸为合理推测
O006,老屋区瓦顶单元 006,gable,256,2.7954528748432574,6.2101653244236354,0.9617237569060774,0.37921006591248874,False,review/buildings/O006.jpg,隐蔽面、远景细部、层高和尺寸为合理推测
O007,老屋区瓦顶单元 007,gable,256,3.0657400931328165,3.4531863412601487,0.9183661335394494,0.6985705337000346,False,review/buildings/O007.jpg,隐蔽面、远景细部、层高和尺寸为合理推测
O008,老屋区平顶单元 008,flat,256,2.8241949650901517,3.8029552992978606,0.9842742974993555,0.12191441443563635,True,review/buildings/O008.jpg,隐蔽面、远景细部、层高和尺寸为合理推测
O009,老屋区瓦顶单元 009,gable,256,3.432282743052692,3.854609767300949,0.9773530022854768,0.19470259394005046,False,review/buildings/O009.jpg,隐蔽面、远景细部、层高和尺寸为合理推测
O010,老屋区瓦顶单元 010,gable,256,3.3587778937732975,4.24338757215443,0.9688112891652715,0.3018307267944233,False,review/buildings/O010.jpg,隐蔽面、远景细部、层高和尺寸为合理推测
O011,老屋区瓦顶单元 011,gable,256,4.373379540945911,6.321609274751393,0.9606916115088477,0.5895737016331781,False,review/buildings/O011.jpg,隐蔽面、远景细部、层高和尺寸为合理推测
O012,老屋区瓦顶单元 012,gable,256,7.564375955241939,6.979282797177656,0.9842115119028113,0.32853466726991687,False,review/buildings/O012.jpg,隐蔽面、远景细部、层高和尺寸为合理推测
O013,老屋区瓦顶单元 013,gable,256,7.818415153137752,6.428542380550024,0.9922209113700045,0.1805552166448733,False,review/buildings/O013.jpg,隐蔽面、远景细部、层高和尺寸为合理推测
O014,老屋区瓦顶单元 014,gable,256,8.492186388046429,7.223000681489708,0.9611881065964797,0.8966365161450386,False,review/buildings/O014.jpg,隐蔽面、远景细部、层高和尺寸为合理推测
O015,老屋区瓦顶单元 015,gable,256,1.9979698412330846,6.335729364816252,0.9561596865050208,0.40710866553154673,False,review/buildings/O015.jpg,隐蔽面、远景细部、层高和尺寸为合理推测
O016,老屋区平顶单元 016,flat,256,2.8008328712666684,5.608403026127237,0.9340028694404591,0.6947203856425598,True,review/buildings/O016.jpg,隐蔽面、远景细部、层高和尺寸为合理推测
O017,老屋区瓦顶单元 017,flat,256,2.141716612111143,4.9443979309983375,0.9335820473687185,0.7414389465731837,False,review/buildings/O017.jpg,隐蔽面、远景细部、层高和尺寸为合理推测
O018,老屋区瓦顶单元 018,gable,256,2.918174704939543,9.30336563420838,0.9721698023293495,0.47418671690310826,False,review/buildings/O018.jpg,隐蔽面、远景细部、层高和尺寸为合理推测
O019,老屋区瓦顶单元 019,gable,256,3.109926883778514,8.73659068423899,0.9650468089858363,0.6930378292121675,False,review/buildings/O019.jpg,隐蔽面、远景细部、层高和尺寸为合理推测
O020,老屋区平顶单元 020,flat,256,2.9733555228097854,8.056114676991633,0.9711010419494268,0.5133073274663338,True,review/buildings/O020.jpg,隐蔽面、远景细部、层高和尺寸为合理推测
O021,老屋区瓦顶单元 021,gable,256,3.0010978293449786,8.133514866547896,0.5331598256561413,6.131808863780756,False,review/buildings/O021.jpg,隐蔽面、远景细部、层高和尺寸为合理推测
O022,老屋区瓦顶单元 022,gable,256,4.250053554971337,8.476783985595064,0.4411795715249663,11.278449270262836,False,review/buildings/O022.jpg,隐蔽面、远景细部、层高和尺寸为合理推测
O023,老屋区瓦顶单元 023,gable,256,2.566126175926817,6.380564456017596,0.7015296767772016,2.9619153519405264,False,review/buildings/O023.jpg,隐蔽面、远景细部、层高和尺寸为合理推测
O024,老屋区平顶单元 024,flat,256,2.7381990385168926,4.081700664497834,0.9297762151375493,0.64251186738877,True,review/buildings/O024.jpg,隐蔽面、远景细部、层高和尺寸为合理推测
O025,老屋区瓦顶单元 025,gable,256,2.9592556631068865,4.390693332706991,0.9411054188012828,0.5844766409833702,False,review/buildings/O025.jpg,隐蔽面、远景细部、层高和尺寸为合理推测
O026,老屋区瓦顶单元 026,gable,256,2.2762167697591646,3.509452214064733,0.9238791099302557,0.5399023687446829,False,review/buildings/O026.jpg,隐蔽面、远景细部、层高和尺寸为合理推测
O027,老屋区瓦顶单元 027,gable,256,7.16845405292907,6.88081150438814,0.9434685857677193,1.1070218260218019,False,review/buildings/O027.jpg,隐蔽面、远景细部、层高和尺寸为合理推测
O028,老屋区瓦顶单元 028,gable,256,2.9663266121785767,8.79880038329756,0.972675995561583,0.6596873912803621,False,review/buildings/O028.jpg,隐蔽面、远景细部、层高和尺寸为合理推测
O029,老屋区瓦顶单元 029,flat,256,2.2512644432896916,8.329760967179231,0.961331687308351,0.5857951346783147,False,review/buildings/O029.jpg,隐蔽面、远景细部、层高和尺寸为合理推测
O030,老屋区瓦顶单元 030,gable,256,10.50472265766537,7.093491522653021,0.7395762715881993,6.720199037672419,True,review/buildings/O030.jpg,隐蔽面、远景细部、层高和尺寸为合理推测
O031,老屋区瓦顶单元 031,gable,256,2.5650428821848807,3.1709797690869235,0.9317699383402406,0.6260558690702249,False,review/buildings/O031.jpg,隐蔽面、远景细部、层高和尺寸为合理推测
O032,老屋区瓦顶单元 032,gable,256,4.09316246177668,4.236239848857173,0.9740870715084935,0.3204126289600815,False,review/buildings/O032.jpg,隐蔽面、远景细部、层高和尺寸为合理推测
O033,老屋区瓦顶单元 033,gable,256,3.528828014841166,4.289695234875976,0.9283159376099449,0.9692229328798723,False,review/buildings/O033.jpg,隐蔽面、远景细部、层高和尺寸为合理推测
O034,老屋区瓦顶单元 034,gable,256,2.9965130622748686,2.7614914121049967,0.8846134969325153,1.0010584387159238,False,review/buildings/O034.jpg,隐蔽面、远景细部、层高和尺寸为合理推测
O035,老屋区瓦顶单元 035,gable,256,3.170000011462355,3.2769582608404257,0.8031673314640022,1.8640528158611658,False,review/buildings/O035.jpg,隐蔽面、远景细部、层高和尺寸为合理推测
O036,老屋区瓦顶单元 036,gable,256,3.377328913513001,5.437321580677328,0.9732473729630946,0.39274064517969054,False,review/buildings/O036.jpg,隐蔽面、远景细部、层高和尺寸为合理推测
O037,老屋区瓦顶单元 037,gable,256,6.2701161028672505,3.8941276010209385,0.9508731224813775,0.7896085314096957,False,review/buildings/O037.jpg,隐蔽面、远景细部、层高和尺寸为合理推测
O038,老屋区瓦顶单元 038,gable,256,7.613493614330966,3.286050249813505,0.9528852306804352,1.396035444076147,False,review/buildings/O038.jpg,隐蔽面、远景细部、层高和尺寸为合理推测
O039,老屋区瓦顶单元 039,gable,256,9.029422527585062,2.4896386061988296,0.934543918918919,1.3553129387872553,False,review/buildings/O039.jpg,隐蔽面、远景细部、层高和尺寸为合理推测
O040,老屋区瓦顶单元 040,gable,256,9.182825254511698,4.258315245246183,0.9212748524321522,2.2372882802735132,False,review/buildings/O040.jpg,隐蔽面、远景细部、层高和尺寸为合理推测
O041,老屋区平顶单元 041,flat,256,3.2128455549116626,3.028917802400731,0.9760167568511084,0.2852117369561072,True,review/buildings/O041.jpg,隐蔽面、远景细部、层高和尺寸为合理推测
O042,老屋区瓦顶单元 042,gable,256,4.202396898247719,2.710576173961902,0.8850869167429094,1.3806473797619336,False,review/buildings/O042.jpg,隐蔽面、远景细部、层高和尺寸为合理推测
O043,老屋区瓦顶单元 043,gable,256,1.947540261576604,3.97976145068927,0.8281388759673531,1.6530309105383558,False,review/buildings/O043.jpg,隐蔽面、远景细部、层高和尺寸为合理推测
O044,老屋区平顶单元 044,flat,256,4.340178008516524,6.04878318550533,0.8146412304442537,2.0034054899734732,True,review/buildings/O044.jpg,隐蔽面、远景细部、层高和尺寸为合理推测
O045,老屋区平顶单元 045,flat,256,5.306993409277291,6.063788207489053,0.5728598791807868,5.370295882274369,True,review/buildings/O045.jpg,隐蔽面、远景细部、层高和尺寸为合理推测
O046,老屋区瓦顶单元 046,gable,256,6.682415637894893,6.772399952768047,0.9708450121766301,0.4163594939676489,False,review/buildings/O046.jpg,隐蔽面、远景细部、层高和尺寸为合理推测
O047,老屋区平顶单元 047,flat,256,5.302776170397835,5.242278018737905,0.8950639416756304,1.203631898053237,True,review/buildings/O047.jpg,隐蔽面、远景细部、层高和尺寸为合理推测
O048,老屋区瓦顶单元 048,gable,256,6.761278192445373,6.513576162393472,0.8696675117182513,1.902674175179054,False,review/buildings/O048.jpg,隐蔽面、远景细部、层高和尺寸为合理推测
O049,老屋区瓦顶单元 049,gable,256,7.914778318458351,6.586506262056575,0.9380717380837746,1.082059390243042,False,review/buildings/O049.jpg,隐蔽面、远景细部、层高和尺寸为合理推测
O050,老屋区瓦顶单元 050,gable,256,6.210393886442758,4.9753852457302195,0.9140821356238257,1.0859575472733614,False,review/buildings/O050.jpg,隐蔽面、远景细部、层高和尺寸为合理推测
O051,老屋区瓦顶单元 051,gable,256,6.80681346424808,5.546895291282845,0.9409282700421941,0.8453192163497394,False,review/buildings/O051.jpg,隐蔽面、远景细部、层高和尺寸为合理推测
O052,老屋区瓦顶单元 052,gable,256,6.594267493026978,4.162225020075142,0.8608002305586243,1.6754410321013056,False,review/buildings/O052.jpg,隐蔽面、远景细部、层高和尺寸为合理推测
O053,老屋区瓦顶单元 053,gable,256,9.489598554142335,5.652452943030413,0.8279176547757202,2.7847962113054257,False,review/buildings/O053.jpg,隐蔽面、远景细部、层高和尺寸为合理推测
O054,老屋区平顶单元 054,flat,256,5.664855198440098,5.581411887883166,0.6708392009596829,3.517104085089856,True,review/buildings/O054.jpg,隐蔽面、远景细部、层高和尺寸为合理推测
O055,老屋区平顶单元 055,flat,256,4.090102323076602,4.978444848349831,0.5421063666224055,6.0021243074608375,True,review/buildings/O055.jpg,隐蔽面、远景细部、层高和尺寸为合理推测
O056,老屋区平顶单元 056,flat,256,3.976817995743661,4.7116834393350215,0.8338090295796575,2.583491206188441,True,review/buildings/O056.jpg,隐蔽面、远景细部、层高和尺寸为合理推测
O057,老屋区平顶单元 057,flat,256,3.889879835719282,2.9801426890321023,0.9460774957052873,0.5800645461320787,True,review/buildings/O057.jpg,隐蔽面、远景细部、层高和尺寸为合理推测
O058,老屋区平顶单元 058,flat,256,3.2528455935804783,2.983832459147746,0.8994292702812883,1.1104183909163792,True,review/buildings/O058.jpg,隐蔽面、远景细部、层高和尺寸为合理推测
O059,老屋区平顶单元 059,flat,256,3.141670012139997,4.892262994972426,0.4496955034620839,5.509045605401901,True,review/buildings/O059.jpg,隐蔽面、远景细部、层高和尺寸为合理推测
O060,老屋区瓦顶单元 060,gable,256,2.8221862809994755,7.447596333837608,0.8333991487868018,1.5304204397486498,True,review/buildings/O060.jpg,隐蔽面、远景细部、层高和尺寸为合理推测
O061,老屋区瓦顶单元 061,gable,256,10.608435221789215,6.429159199708274,0.8713354125318968,1.6424066803781598,True,review/buildings/O061.jpg,隐蔽面、远景细部、层高和尺寸为合理推测
O062,老屋区瓦顶单元 062,metal,256,2.51118709435663,6.938940796907216,0.7031552458381727,3.6332872672257963,False,review/buildings/O062.jpg,隐蔽面、远景细部、层高和尺寸为合理推测
O063,老屋区瓦顶单元 063,gable,256,3.2976478250263495,6.1265457713690425,0.7379461907298881,3.047594430614354,True,review/buildings/O063.jpg,隐蔽面、远景细部、层高和尺寸为合理推测
O064,老屋区平顶单元 064,flat,256,3.6530445628860635,3.7966240794929957,0.7952138492871691,2.057925191431619,True,review/buildings/O064.jpg,隐蔽面、远景细部、层高和尺寸为合理推测
O065,老屋区平顶单元 065,flat,256,3.5770186834973865,3.2534387081243787,0.7807398021346069,2.280103196499233,True,review/buildings/O065.jpg,隐蔽面、远景细部、层高和尺寸为合理推测
O066,老屋区瓦顶单元 066,gable,256,6.236512996202673,7.208389640860566,0.9713036841740096,0.5696565776337356,False,review/buildings/O066.jpg,隐蔽面、远景细部、层高和尺寸为合理推测
O067,老屋区瓦顶单元 067,gable,256,5.566054354758469,6.773719003358276,0.92833309613043,1.3240008649953812,False,review/buildings/O067.jpg,隐蔽面、远景细部、层高和尺寸为合理推测
O068,老屋区瓦顶单元 068,gable,256,6.4744044397894225,7.763902399837201,0.9113612211380543,2.0487934141411617,False,review/buildings/O068.jpg,隐蔽面、远景细部、层高和尺寸为合理推测
O070,老屋区瓦顶单元 070,gable,256,7.029627043351904,6.493133099317301,0.9614123193604591,0.7639896241459491,False,review/buildings/O070.jpg,隐蔽面、远景细部、层高和尺寸为合理推测
O071,老屋区瓦顶单元 071,gable,256,10.664621534938751,7.350737093082474,0.976816165211815,0.668850523059982,False,review/buildings/O071.jpg,隐蔽面、远景细部、层高和尺寸为合理推测
O072,老屋区瓦顶单元 072,gable,256,4.54879798633851,4.819563918939778,0.9439386256916734,0.8954492492305209,False,review/buildings/O072.jpg,隐蔽面、远景细部、层高和尺寸为合理推测
O073,老屋区瓦顶单元 073,gable,256,4.035483161640454,3.9842333726743315,0.8370023296599743,2.0837515099760675,False,review/buildings/O073.jpg,隐蔽面、远景细部、层高和尺寸为合理推测
O074,老屋区瓦顶单元 074,gable,256,2.7114194064217756,3.40112681349881,0.729460580912863,3.0838894220276236,False,review/buildings/O074.jpg,隐蔽面、远景细部、层高和尺寸为合理推测
O075,老屋区瓦顶单元 075,gable,256,5.555981236336261,6.262964972480965,0.9349458159239592,1.1406641264968393,False,review/buildings/O075.jpg,隐蔽面、远景细部、层高和尺寸为合理推测
O076,老屋区瓦顶单元 076,gable,256,3.9764682382099723,5.1251959079888785,0.6770692465064669,3.2900660227826957,False,review/buildings/O076.jpg,隐蔽面、远景细部、层高和尺寸为合理推测
O077,老屋区瓦顶单元 077,gable,256,4.456207537426928,2.5056728279638283,0.5558968590464654,4.528420401315352,False,review/buildings/O077.jpg,隐蔽面、远景细部、层高和尺寸为合理推测
O078,老屋区瓦顶单元 078,gable,256,2.4450814635772433,4.992037606140075,0.7772914737816682,2.2574405376928106,False,review/buildings/O078.jpg,隐蔽面、远景细部、层高和尺寸为合理推测
O079,老屋区瓦顶单元 079,gable,256,10.824182528263437,3.980232042222446,0.9493742278562604,0.886742532828832,False,review/buildings/O079.jpg,隐蔽面、远景细部、层高和尺寸为合理推测
O080,老屋区瓦顶单元 080,gable,256,2.674651034837941,6.286317690548678,0.884610119998175,1.6120878136312962,False,review/buildings/O080.jpg,隐蔽面、远景细部、层高和尺寸为合理推测
O081,老屋区瓦顶单元 081,gable,256,7.5107284857898025,3.492796273677656,0.9714431819997763,0.5530574722050886,False,review/buildings/O081.jpg,隐蔽面、远景细部、层高和尺寸为合理推测
O082,老屋区瓦顶单元 082,gable,256,8.614385097194752,5.213917219654299,0.9649422589428223,0.6491590247804615,False,review/buildings/O082.jpg,隐蔽面、远景细部、层高和尺寸为合理推测
O083,老屋区瓦顶单元 083,gable,256,5.1513444121144305,4.03432657371084,0.9592756738249671,0.6103583931424467,False,review/buildings/O083.jpg,隐蔽面、远景细部、层高和尺寸为合理推测
O084,老屋区瓦顶单元 084,gable,256,3.914907676773194,4.520900618650289,0.7737042406669083,3.2841619641995345,False,review/buildings/O084.jpg,隐蔽面、远景细部、层高和尺寸为合理推测
O085,老屋区瓦顶单元 085,gable,256,3.5148821149152867,5.069932634289976,0.8745984553345636,1.8410686726486545,False,review/buildings/O085.jpg,隐蔽面、远景细部、层高和尺寸为合理推测
O086,老屋区瓦顶单元 086,gable,256,4.42800909465521,4.006362818881336,0.6893291870279875,4.085097146874122,False,review/buildings/O086.jpg,隐蔽面、远景细部、层高和尺寸为合理推测
O087,老屋区瓦顶单元 087,gable,256,3.107411031057156,2.6630038135539587,0.6010289990645463,3.89315255177799,False,review/buildings/O087.jpg,隐蔽面、远景细部、层高和尺寸为合理推测
O088,老屋区瓦顶单元 088,gable,256,9.846266211951189,5.673654989524457,0.734338369193141,5.963690637478959,False,review/buildings/O088.jpg,隐蔽面、远景细部、层高和尺寸为合理推测
O089,老屋区瓦顶单元 089,gable,256,2.268574931266948,5.2276462627275695,0.7328819378218577,3.310155696132639,False,review/buildings/O089.jpg,隐蔽面、远景细部、层高和尺寸为合理推测
O090,老屋区平顶单元 090,flat,256,2.57161512711757,3.6344818901658433,0.8565184003780495,1.5589048388662212,True,review/buildings/O090.jpg,隐蔽面、远景细部、层高和尺寸为合理推测
O091,老屋区平顶单元 091,flat,256,2.544239868568228,4.529315071949872,0.9414456606096289,0.7581571107764496,True,review/buildings/O091.jpg,隐蔽面、远景细部、层高和尺寸为合理推测
O092,老屋区瓦顶单元 092,gable,256,6.9627636460660245,1.8562267123592577,0.8551752662599524,1.6787382322023063,False,review/buildings/O092.jpg,隐蔽面、远景细部、层高和尺寸为合理推测
O094,老屋区平顶单元 094,flat,256,2.0359786909917394,8.727268865520255,0.2538301559792028,6.361222554118125,True,review/buildings/O094.jpg,隐蔽面、远景细部、层高和尺寸为合理推测
O095,老屋区平顶单元 095,flat,256,1.8369339398863933,7.529134532620796,0.9657139389526064,0.2565989830937611,True,review/buildings/O095.jpg,隐蔽面、远景细部、层高和尺寸为合理推测
O096,老屋区瓦顶单元 096,gable,256,3.417956075912096,6.105164897461652,0.903615735340897,1.116430579918331,False,review/buildings/O096.jpg,隐蔽面、远景细部、层高和尺寸为合理推测
R001,返航北池边灰色住宅,flat,256,7.7942135734407545,8.163913808550106,0.8951183929974189,1.7902082212647739,True,review/buildings/R001.jpg,隐蔽面、远景细部、层高和尺寸为合理推测
R002,返航北池边白色窄楼,flat,256,6.827500443532594,6.777032942980249,0.8856716503572761,1.6699359939403715,True,review/buildings/R002.jpg,隐蔽面、远景细部、层高和尺寸为合理推测
R004,返航北池边白色长楼,flat,256,8.52312305214082,6.196581557892827,0.8996506413598916,1.2264560743816892,True,review/buildings/R004.jpg,隐蔽面、远景细部、层高和尺寸为合理推测
R007,返航北池边老灰楼,flat,256,10.898778463060282,7.013026793343997,0.9227777975070137,1.7865812930342482,True,review/buildings/R007.jpg,隐蔽面、远景细部、层高和尺寸为合理推测
R008,返航北池边旧屋顶,flat,256,6.601597681765486,5.338597691876924,0.9036640592836558,1.1840377723604982,False,review/buildings/R008.jpg,隐蔽面、远景细部、层高和尺寸为合理推测
R009,返航北池边西侧蓝顶楼,flat,256,7.611078939601848,6.815775569207745,0.8717256109052076,1.995111975897268,False,review/buildings/R009.jpg,隐蔽面、远景细部、层高和尺寸为合理推测
R010,返航北池边西侧红瓦露台楼,flat,256,5.946188823360962,6.172748837101291,0.888659312827007,1.1422869796474853,False,review/buildings/R010.jpg,隐蔽面、远景细部、层高和尺寸为合理推测
R011,返航北池边西侧小白楼,flat,256,6.40231653764892,6.158331147004626,0.8935137985586219,1.3136317056882438,True,review/buildings/R011.jpg,隐蔽面、远景细部、层高和尺寸为合理推测
R012,返航北池边西侧米色楼,flat,256,7.633737538696087,6.567863431700806,0.9266730230617961,1.1681105853822573,False,review/buildings/R012.jpg,隐蔽面、远景细部、层高和尺寸为合理推测
R013,返航北池边西侧拼花顶白楼,flat,256,10.021464105245546,6.188836859849652,0.915746645093747,1.5905259274643602,True,review/buildings/R013.jpg,隐蔽面、远景细部、层高和尺寸为合理推测
R014,返航北池边西侧低灰楼,flat,256,9.236860899076387,4.511519629821425,0.9248367107687154,1.1456383661002512,False,review/buildings/R014.jpg,隐蔽面、远景细部、层高和尺寸为合理推测
R015,返航北池边中央平顶旧楼,flat,256,9.730954066162067,4.6190362140059,0.9191704333953735,1.0470255500682792,False,review/buildings/R015.jpg,隐蔽面、远景细部、层高和尺寸为合理推测
R016,村内白色高窄楼,flat,256,4.628380439050435,6.497060020289101,0.9142292651132475,1.4241135270550622,False,review/buildings/R016.jpg,隐蔽面、远景细部、层高和尺寸为合理推测
R017,村内白色长露台楼,flat,256,4.883730660143878,4.968521976727089,0.8968626660136556,1.6634142116777746,False,review/buildings/R017.jpg,隐蔽面、远景细部、层高和尺寸为合理推测
R018,村内灰色旧三层楼,flat,256,5.514801815456136,2.7246308838464697,0.9343159957249733,0.508391958257986,False,review/buildings/R018.jpg,隐蔽面、远景细部、层高和尺寸为合理推测
R020,东侧灰色三层住宅,flat,256,8.070237153599654,4.4485870774439515,0.6197469855702709,5.300637994186505,False,review/buildings/R020.jpg,隐蔽面、远景细部、层高和尺寸为合理推测
R021,东南侧白色转角大住宅,flat,256,8.46108101837089,7.544559514916578,0.811078405137811,4.477516028383104,True,review/buildings/R021.jpg,隐蔽面、远景细部、层高和尺寸为合理推测
R022,东南侧白色大露台住宅,flat,256,6.127019920099177,5.52530926767883,0.7711133921173372,4.809719935513929,True,review/buildings/R022.jpg,隐蔽面、远景细部、层高和尺寸为合理推测
R023,东南侧白色宽体住宅,flat,256,8.852538210728907,6.798637077755784,0.8882057891253614,2.5826686293994103,True,review/buildings/R023.jpg,隐蔽面、远景细部、层高和尺寸为合理推测
R024,东南侧带光伏屋顶住宅,solar,256,10.635738314895057,4.226644701262415,0.8490475487300649,2.876991635792723,False,review/buildings/R024.jpg,隐蔽面、远景细部、层高和尺寸为合理推测
R025,村南侧浅黄色屋顶住宅,flat,256,5.8621882313730325,8.088101679985517,0.8751562215616089,3.300272488979706,False,review/buildings/R025.jpg,隐蔽面、远景细部、层高和尺寸为合理推测
R026,村南侧灰色窄楼,flat,256,3.481213045178036,3.71883678182641,0.42976208516441883,9.022804321159757,False,review/buildings/R026.jpg,隐蔽面、远景细部、层高和尺寸为合理推测
R027,村南側棕色窄楼,flat,256,3.1391312376030376,6.786125350005908,0.800863943666139,2.9163826726743443,True,review/buildings/R027.jpg,隐蔽面、远景细部、层高和尺寸为合理推测
R028,村南侧最前方白色露台楼,flat,256,4.116947068846637,6.072187195183939,0.627359454855196,5.998679947979582,True,review/buildings/R028.jpg,隐蔽面、远景细部、层高和尺寸为合理推测
R029,村南侧最前方白色长楼,flat,256,3.8072283942712892,5.387432317020504,0.5754551885914286,7.059048871102247,True,review/buildings/R029.jpg,隐蔽面、远景细部、层高和尺寸为合理推测
R030,村南侧近景蓝色金属顶,metal,256,5.6677816890899395,5.039223251343411,0.9294953817700885,1.5826265239266006,False,review/buildings/R030.jpg,隐蔽面、远景细部、层高和尺寸为合理推测
A001,近路白色露台住宅,flat,0,5.918688621536364,7.5376039316703904,0.9183389628452215,1.2043236732017908,False,review/buildings/A001.jpg,隐蔽面、远景细部、层高和尺寸为合理推测
A002,近路米色白顶住宅,flat,0,9.05015529252723,9.020327879097337,0.9631671146818086,0.8215931521309017,True,review/buildings/A002.jpg,隐蔽面、远景细部、层高和尺寸为合理推测
A003,近路白色折角屋顶住宅,flat,0,12.398173725969167,11.851611533889026,0.7366776785892332,9.792790504605913,True,review/buildings/A003.jpg,隐蔽面、远景细部、层高和尺寸为合理推测
A004,近路最前方光伏住宅,solar,0,9.157012637678246,10.325775608728682,0.9786212462073225,0.7453180331482683,False,review/buildings/A004.jpg,隐蔽面、远景细部、层高和尺寸为合理推测
A005,近路最前方白色折角住宅,flat,0,7.786707023251064,9.843416429828507,0.7884450913019341,14.037833715813404,True,review/buildings/A005.jpg,隐蔽面、远景细部、层高和尺寸为合理推测
A006,中列近景白色长屋顶,flat,0,10.501775934623748,8.835758071190122,0.9423599685242149,1.8017161840878608,False,review/buildings/A006.jpg,隐蔽面、远景细部、层高和尺寸为合理推测
A007,中列最近景白色窄长屋顶,flat,0,8.147432582197624,10.070643978668326,0.9612286869590401,1.5635187429735375,False,review/buildings/A007.jpg,隐蔽面、远景细部、层高和尺寸为合理推测
A008,中列近景白色露台住宅,flat,0,6.6021839666934685,7.943755559243726,0.886768369889311,4.1660391682882505,True,review/buildings/A008.jpg,隐蔽面、远景细部、层高和尺寸为合理推测
A009,中列近景灰色平顶住宅,flat,0,9.483493615532037,9.3785149764672,0.9578932671933772,1.2098190210178756,False,review/buildings/A009.jpg,隐蔽面、远景细部、层高和尺寸为合理推测
A010,中列中段白色大露台住宅,flat,0,10.71499932146633,8.202504746669758,0.975525896633163,0.5300881108495842,True,review/buildings/A010.jpg,隐蔽面、远景细部、层高和尺寸为合理推测
A011,中列中段光伏住宅,solar,0,9.194099076134073,7.821903228344959,0.9733772627433159,0.44248789869707306,False,review/buildings/A011.jpg,隐蔽面、远景细部、层高和尺寸为合理推测
A012,中列西侧光伏住宅,solar,0,8.978630620280613,6.603070091859015,0.9593671186221465,0.7264569860215082,False,review/buildings/A012.jpg,隐蔽面、远景细部、层高和尺寸为合理推测
A013,西中列白色窄长露台楼,flat,0,5.482700142217,8.49662648644687,0.846466357541739,2.7344847687756193,False,review/buildings/A013.jpg,隐蔽面、远景细部、层高和尺寸为合理推测
A014,西中列近景白顶楼,flat,0,8.229899095162311,6.524365736962289,0.9590476092184161,0.7953939287149268,True,review/buildings/A014.jpg,隐蔽面、远景细部、层高和尺寸为合理推测
A015,西中列灰色旧屋顶楼,flat,0,8.425018185727714,8.931218785202692,0.9249720044792833,2.5955780907833157,False,review/buildings/A015.jpg,隐蔽面、远景细部、层高和尺寸为合理推测
A016,西侧大拼花露台楼,flat,0,8.822894527932096,4.278390944543105,0.959596623917571,1.1506165688451055,False,review/buildings/A016.jpg,隐蔽面、远景细部、层高和尺寸为合理推测
A017,西侧近景白顶楼,flat,0,10.01163132929473,6.22853719432118,0.8916936328984189,3.7770396818923726,False,review/buildings/A017.jpg,隐蔽面、远景细部、层高和尺寸为合理推测
A018,西中区拼花露台住宅,flat,0,8.4816647090596,8.626099444626488,0.805691366072722,6.024284887163431,True,review/buildings/A018.jpg,隐蔽面、远景细部、层高和尺寸为合理推测
A019,西侧黄色三层住宅,flat,0,9.745149216565272,6.188350618475033,0.8480720804955534,2.6864384771895633,True,review/buildings/A019.jpg,隐蔽面、远景细部、层高和尺寸为合理推测
A020,西中区白色折角住宅,flat,0,6.415260454851415,10.418743610198533,0.7721136259005338,4.9386454656369745,True,review/buildings/A020.jpg,隐蔽面、远景细部、层高和尺寸为合理推测
A021,西中区棕灰色平顶住宅,flat,0,8.868578765519425,9.130610113377992,0.8131196649170246,3.875948980058267,True,review/buildings/A021.jpg,隐蔽面、远景细部、层高和尺寸为合理推测
A022,西中区白顶矮层住宅,flat,0,6.116651297524975,4.263780847245935,0.4727458623554221,8.58718182718854,False,review/buildings/A022.jpg,隐蔽面、远景细部、层高和尺寸为合理推测
A023,中列暖白色三层住宅,flat,0,7.433344489803185,6.979435503898159,0.814495288832346,2.6982487895445915,True,review/buildings/A023.jpg,隐蔽面、远景细部、层高和尺寸为合理推测
A024,中列前方白色窄楼,flat,0,5.7700533499851225,6.301703718994656,0.9275197510174766,0.7889739822961823,True,review/buildings/A024.jpg,隐蔽面、远景细部、层高和尺寸为合理推测
A025,中列前方白色宽楼,flat,0,7.6574042372925994,7.834690769962586,0.9473515454662049,0.8588185488770969,False,review/buildings/A025.jpg,隐蔽面、远景细部、层高和尺寸为合理推测
A026,中列前方白色低翼,flat,0,4.835834344760455,5.59397586562672,0.7371489468405216,1.8230696471990067,False,review/buildings/A026.jpg,隐蔽面、远景细部、层高和尺寸为合理推测
A027,中西列浅黄三层楼,flat,0,10.315889620010827,6.000018394063981,0.9412057505929201,1.164460754621607,False,review/buildings/A027.jpg,隐蔽面、远景细部、层高和尺寸为合理推测
A028,中西列白色三层露台楼,flat,0,9.706702988097659,9.76363754191699,0.8781564046319441,1.7651727899516916,True,review/buildings/A028.jpg,隐蔽面、远景细部、层高和尺寸为合理推测
A029,中西列白色屋顶前翼,flat,0,6.963003105918449,6.967570277624033,0.8005571793934966,2.762668478169274,False,review/buildings/A029.jpg,隐蔽面、远景细部、层高和尺寸为合理推测
A030,西侧中段灰顶白色三层楼,flat,0,10.536135309980082,6.04145044956044,0.8288349652334327,2.3827726251508823,False,review/buildings/A030.jpg,隐蔽面、远景细部、层高和尺寸为合理推测
A031,西侧中段白顶三层楼,flat,0,10.232287502954847,6.190775360567068,0.8844122881232314,0.9564783531188061,True,review/buildings/A031.jpg,隐蔽面、远景细部、层高和尺寸为合理推测
A032,西侧中段浅黄屋顶楼,flat,0,7.52667298466987,7.770131616262646,0.8505071588121133,3.071122259135438,True,review/buildings/A032.jpg,隐蔽面、远景细部、层高和尺寸为合理推测
A033,西侧中段白色窄楼,flat,0,4.380271298457336,4.3749453272785015,0.5967377183274792,5.474799534279988,True,review/buildings/A033.jpg,隐蔽面、远景细部、层高和尺寸为合理推测
A034,西侧带顶楼阳台住宅,flat,0,4.60602382960015,13.950325011909374,0.731608002818997,4.626842562796224,True,review/buildings/A034.jpg,隐蔽面、远景细部、层高和尺寸为合理推测
A035,西侧中段灰色三层楼,flat,0,6.071139386762214,5.588597410069931,0.8431372549019608,2.0435016858510946,False,review/buildings/A035.jpg,隐蔽面、远景细部、层高和尺寸为合理推测
A036,左边缘白色长露台楼,flat,0,8.748312444610749,7.774481969128141,0.6676324591491084,3.820224065048371,True,review/buildings/A036.jpg,隐蔽面、远景细部、层高和尺寸为合理推测
A037,左边缘白色宽露台楼,flat,0,5.799060366837551,7.523993661700752,0.8138506127014796,2.122654650428014,True,review/buildings/A037.jpg,隐蔽面、远景细部、层高和尺寸为合理推测
A038,左边缘白顶高楼,flat,0,4.9441061062699765,5.64560594851999,0.7678436793164112,2.8103023059243935,True,review/buildings/A038.jpg,隐蔽面、远景细部、层高和尺寸为合理推测
A039,左边缘白顶中段低翼,flat,0,4.5057284749480395,6.021928251030739,0.9558195308401409,0.537062870850517,False,review/buildings/A039.jpg,隐蔽面、远景细部、层高和尺寸为合理推测
A040,左边缘白色折角三层楼,flat,0,6.219016652554348,8.308615389273823,0.9254920559639555,0.6953258408260194,True,review/buildings/A040.jpg,隐蔽面、远景细部、层高和尺寸为合理推测
A041,左边缘白色中段住宅,flat,0,5.39099231626404,9.413778235958404,0.7313734200218067,2.8245316294262297,True,review/buildings/A041.jpg,隐蔽面、远景细部、层高和尺寸为合理推测
A042,近路旧混凝土低楼,flat,0,9.393945428487857,6.219172672700753,0.9440066795386943,1.256145301530632,False,review/buildings/A042.jpg,隐蔽面、远景细部、层高和尺寸为合理推测
A043,近路旧混凝土低楼东翼,flat,0,5.670093009306201,3.2055872210033,0.7656933166770769,1.7507433679709328,False,review/buildings/A043.jpg,隐蔽面、远景细部、层高和尺寸为合理推测
A044,近路中段露台低楼,flat,0,9.178918097714638,8.759998525272309,0.9904447139411224,0.20133719353612511,False,review/buildings/A044.jpg,隐蔽面、远景细部、层高和尺寸为合理推测
A045,近路中段南露台低楼,flat,0,7.6664977118948245,7.591899823278256,0.9261866602759014,1.2546603817268298,False,review/buildings/A045.jpg,隐蔽面、远景细部、层高和尺寸为合理推测
A046,近路后段大露台低楼,flat,0,10.674056217177906,16.076255119546225,0.9812657367002113,0.3970179712387404,False,review/buildings/A046.jpg,隐蔽面、远景细部、层高和尺寸为合理推测
A047,中列旧灰色屋顶后翼,flat,0,4.73946539428938,11.82283417960596,0.8856653899437699,1.56386015662408,True,review/buildings/A047.jpg,隐蔽面、远景细部、层高和尺寸为合理推测
A048,西中列旧灰色屋顶后翼,flat,0,7.803726625267896,5.3099435150057275,0.6701814326107446,4.899958149732514,False,review/buildings/A048.jpg,隐蔽面、远景细部、层高和尺寸为合理推测
A049,西侧中段白色窄露台楼,flat,0,2.7159391225970317,5.617673575038651,0.9342296032687492,0.4829566622062947,True,review/buildings/A049.jpg,隐蔽面、远景细部、层高和尺寸为合理推测
A050,西侧近景露台高楼附翼,flat,0,4.607352362505021,8.979108592213452,0.7529734270681346,4.01608955540929,True,review/buildings/A050.jpg,隐蔽面、远景细部、层高和尺寸为合理推测
N001,北路西端米色窄楼,flat,76,8.618114529840831,8.459159508730693,0.8150048402710551,1.3566242870369483,False,review/buildings/N001.jpg,隐蔽面、远景细部、层高和尺寸为合理推测
N002,北路西端灰白宽体楼,flat,76,12.680192717620391,11.078192953229344,0.8484373600788037,1.538419332009045,True,review/buildings/N002.jpg,隐蔽面、远景细部、层高和尺寸为合理推测
N003,北路中段在建楼,flat,76,10.193083791579722,11.03247262527565,0.8529258642232403,1.3676128150781501,True,review/buildings/N003.jpg,隐蔽面、远景细部、层高和尺寸为合理推测
N004,北路中段白色拱窗楼,flat,76,7.368131108186753,9.025803153889733,0.8583891103256374,1.378891825612819,False,review/buildings/N004.jpg,隐蔽面、远景细部、层高和尺寸为合理推测
N005,北路中段白色阳台楼,flat,76,6.57226649408955,9.133591357661345,0.8873399254336197,1.0591878474216763,True,review/buildings/N005.jpg,隐蔽面、远景细部、层高和尺寸为合理推测
N006,北路东端灰色楼,flat,76,8.750775317143898,9.542354409889521,0.9561685742918931,0.26040242110520045,False,review/buildings/N006.jpg,隐蔽面、远景细部、层高和尺寸为合理推测
N007,北路东侧两层长楼,flat,76,40.8649187081263,6.45284808945791,0.6072108703484482,4.290484825125502,False,review/buildings/N007.jpg,隐蔽面、远景细部、层高和尺寸为合理推测
N008,北路小白色服务房,flat,76,6.131072219417316,6.846352232138076,0.9201961385228318,0.831358329130843,False,review/buildings/N008.jpg,隐蔽面、远景细部、层高和尺寸为合理推测
N009,北路小灰色服务房,flat,76,5.753391130173457,6.366016852664258,0.6905013192612137,2.397039309029742,False,review/buildings/N009.jpg,隐蔽面、远景细部、层高和尺寸为合理推测
N010,北路住宅区灰色旧矮楼,flat,76,8.421827169031662,3.1773203878818164,0.770799828455023,3.3119439711397445,False,review/buildings/N010.jpg,隐蔽面、远景细部、层高和尺寸为合理推测
N011,北路住宅区灰色一层长楼,flat,76,11.268125560599236,5.091447512395468,0.9252340556459057,3.224215792163695,False,review/buildings/N011.jpg,隐蔽面、远景细部、层高和尺寸为合理推测
N012,北路左侧白色平顶住宅,flat,76,8.148749666324582,4.138158286493449,0.48603505871818714,5.733020880716514,False,review/buildings/N012.jpg,隐蔽面、远景细部、层高和尺寸为合理推测
N013,北路左侧白色露台住宅,flat,76,8.845495787340484,4.397560942910501,0.6070514083119952,3.7147350696089605,False,review/buildings/N013.jpg,隐蔽面、远景细部、层高和尺寸为合理推测
N014,北路左侧白色小露台楼,flat,76,4.216220042794752,4.369679262801387,0.7644009439436729,2.8757533922081997,False,review/buildings/N014.jpg,隐蔽面、远景细部、层高和尺寸为合理推测
N015,北村东缘白色三层楼,flat,104,10.597109876741174,11.867268123777965,0.8156851526421186,1.7881953459693616,True,review/buildings/N015.jpg,隐蔽面、远景细部、层高和尺寸为合理推测
N016,北村东缘蓝色四坡顶楼,hip,104,14.023748664251398,15.62635788887855,0.7808023367825736,3.518934150650326,False,review/buildings/N016.jpg,隐蔽面、远景细部、层高和尺寸为合理推测
N017,北村东缘白色露台楼,flat,104,9.805316902328993,8.107965375766796,0.7058926604585962,2.7544162840431468,True,review/buildings/N017.jpg,隐蔽面、远景细部、层高和尺寸为合理推测
N018,北村东缘金属顶库房,metal,104,19.39064018668058,20.374431379081358,0.795202992872006,4.390382479838282,False,review/buildings/N018.jpg,隐蔽面、远景细部、层高和尺寸为合理推测
N019,池塘东侧独立灰色住宅,flat,44,11.483567081802118,15.048171932335494,0.8671471927162367,1.3224183920631678,False,review/buildings/N019.jpg,隐蔽面、远景细部、层高和尺寸为合理推测
N020,池塘东侧蓝色矮棚,metal,44,19.264463631981815,13.697402524612235,0.8139304379167418,1.2392600663407187,False,review/buildings/N020.jpg,隐蔽面、远景细部、层高和尺寸为合理推测
N021,近路田边白色小屋,flat,44,7.2247099243137205,3.509059998494419,0.903345011278015,0.9970904660745609,False,review/buildings/N021.jpg,隐蔽面、远景细部、层高和尺寸为合理推测
B032,裸砖高层邻屋,flat,44,6.1650117832380085,4.15604752745426,0.37502959513850526,7.110915412669068,True,review/buildings/B032.jpg,隐蔽面、远景细部、层高和尺寸为合理推测
B033,裸砖高层邻屋南翼,flat,44,8.812724962082555,3.308302787922972,0.33749385033071555,5.842571237170121,True,review/buildings/B033.jpg,隐蔽面、远景细部、层高和尺寸为合理推测
B034,近景中列白色折角屋顶住宅,flat,44,11.682972717830081,6.47120722379369,0.7805010750432639,12.912674362594494,True,review/buildings/B034.jpg,隐蔽面、远景细部、层高和尺寸为合理推测
B035,白色拱窗住宅后方独立白顶住宅,flat,256,7.907086410717936,10.167969424310886,0.8616432051546555,2.4652784449599534,True,review/buildings/B035.jpg,隐蔽面、远景细部、层高和尺寸为合理推测
F002,北侧村群住宅 002,flat,88,8.788191198527525,10.699999999999994,0.5920714744275626,2.1815622966134893,False,review/buildings/F002.jpg,隐蔽面、远景细部、层高和尺寸为合理推测
F003,北侧村群住宅 003,flat,88,8.357021584469052,10.699999999999994,0.5119306715207155,3.850107143504778,False,review/buildings/F003.jpg,隐蔽面、远景细部、层高和尺寸为合理推测
F004,北侧村群住宅 004,flat,88,7.668419303052481,9.633112300660704,0.5530277684844429,3.3502259535636543,True,review/buildings/F004.jpg,隐蔽面、远景细部、层高和尺寸为合理推测
F005,北侧村群住宅 005,flat,88,8.084194658480175,10.699999999999994,0.6557358701734751,1.9384015911677035,True,review/buildings/F005.jpg,隐蔽面、远景细部、层高和尺寸为合理推测
F006,北侧村群住宅 006,flat,88,11.786386614928613,8.197636625268437,0.6354630356986994,2.680792575769473,True,review/buildings/F006.jpg,隐蔽面、远景细部、层高和尺寸为合理推测
F007,北侧村群住宅 007,flat,88,6.623304201728623,6.680068556575117,0.4482697740112994,3.3564080728673322,True,review/buildings/F007.jpg,隐蔽面、远景细部、层高和尺寸为合理推测
F008,北侧村群住宅 008,flat,88,5.362247808263879,10.699999999999994,0.5626627604166666,3.752789322103863,True,review/buildings/F008.jpg,隐蔽面、远景细部、层高和尺寸为合理推测
F009,北侧村群住宅 009,flat,88,6.942700389184761,6.400000000000002,0.4429232024662254,4.56341089316804,True,review/buildings/F009.jpg,隐蔽面、远景细部、层高和尺寸为合理推测
F010,北侧村群住宅 010,flat,88,8.936994916865682,6.400000000000002,0.5850306416726748,2.8047219612287786,True,review/buildings/F010.jpg,隐蔽面、远景细部、层高和尺寸为合理推测
F011,北侧村群住宅 011,flat,88,6.2813910472779995,10.699999999999994,0.2922936616507068,6.475157176189994,False,review/buildings/F011.jpg,隐蔽面、远景细部、层高和尺寸为合理推测
F012,北侧村群住宅 012,flat,88,7.88943462585274,10.699999999999994,0.48475744455244324,2.5915186070031218,True,review/buildings/F012.jpg,隐蔽面、远景细部、层高和尺寸为合理推测
F013,北侧村群住宅 013,flat,88,4.149895425245332,6.400000000000223,0.6057921310850719,1.9675037622208569,False,review/buildings/F013.jpg,隐蔽面、远景细部、层高和尺寸为合理推测
F014,北侧村群住宅 014,flat,88,5.417351176737759,6.400000000000002,0.4612773835236038,4.099935483689014,False,review/buildings/F014.jpg,隐蔽面、远景细部、层高和尺寸为合理推测
F015,北侧远景住宅 015,flat,44,11.601715865936345,10.699999999999994,0.1950354609929078,2.1566970610524576,False,review/buildings/F015.jpg,隐蔽面、远景细部、层高和尺寸为合理推测
F016,北侧远景住宅 016,flat,44,11.658154810160218,10.699999999999994,0.1495661051556917,2.2093804078078163,False,review/buildings/F016.jpg,隐蔽面、远景细部、层高和尺寸为合理推测
F017,北侧远景住宅 017,flat,44,7.780687421995911,10.699999999999994,0.29969503742722486,1.8865133074593816,False,review/buildings/F017.jpg,隐蔽面、远景细部、层高和尺寸为合理推测
F018,北侧远景住宅 018,flat,44,8.195736432015384,10.699999999999994,0.299642674834099,1.8214648259751982,False,review/buildings/F018.jpg,隐蔽面、远景细部、层高和尺寸为合理推测
F019,北侧远景住宅 019,flat,44,9.445458786071178,10.699999999999994,0.2642961114576835,2.2664826913866185,False,review/buildings/F019.jpg,隐蔽面、远景细部、层高和尺寸为合理推测
F020,北侧远景住宅 020,flat,44,11.493915380581774,10.699999999999994,0.2099290780141844,2.1048137716117057,False,review/buildings/F020.jpg,隐蔽面、远景细部、层高和尺寸为合理推测
F021,北侧远景住宅 021,flat,44,11.915582438693313,10.699999999999994,0.1798928298035213,2.192462843761248,False,review/buildings/F021.jpg,隐蔽面、远景细部、层高和尺寸为合理推测
F022,北侧远景住宅 022,flat,44,12.280278118979325,10.699999999999994,0.17936780200931143,2.1731022446029713,False,review/buildings/F022.jpg,隐蔽面、远景细部、层高和尺寸为合理推测
F023,北侧远景住宅 023,flat,44,10.524920995407461,10.699999999999994,0.23699538059851374,2.3205591596198154,False,review/buildings/F023.jpg,隐蔽面、远景细部、层高和尺寸为合理推测
F025,北侧远景住宅 025,flat,44,9.611534813159395,10.699999999999994,0.255659121171771,1.9818072138534402,False,review/buildings/F025.jpg,隐蔽面、远景细部、层高和尺寸为合理推测
F026,北侧远景住宅 026,flat,44,7.760840155974291,10.699999999999994,0.3151305274374001,1.8410415062888077,False,review/buildings/F026.jpg,隐蔽面、远景细部、层高和尺寸为合理推测
F027,北侧远景住宅 027,flat,44,10.300979961165607,10.699999999999994,0.1960046323103648,2.1272655921032007,False,review/buildings/F027.jpg,隐蔽面、远景细部、层高和尺寸为合理推测
F028,北侧远景住宅 028,flat,44,7.324153420622924,10.699999999999937,0.4178508701900048,1.967926326978491,False,review/buildings/F028.jpg,隐蔽面、远景细部、层高和尺寸为合理推测
F029,北侧远景住宅 029,flat,44,6.8207663875979385,10.699999999999969,0.4986436891654699,1.7173869382944238,False,review/buildings/F029.jpg,隐蔽面、远景细部、层高和尺寸为合理推测
F030,北侧远景住宅 030,flat,44,8.493248067477182,10.699999999999994,0.3382936507936508,2.2409975167346174,False,review/buildings/F030.jpg,隐蔽面、远景细部、层高和尺寸为合理推测
F031,北侧远景住宅 031,flat,44,7.653381905951376,10.699999999999994,0.4405426975259378,1.9425629260442245,False,review/buildings/F031.jpg,隐蔽面、远景细部、层高和尺寸为合理推测
F032,北侧远景住宅 032,flat,44,7.045363580905096,10.699999999999994,0.4067316209034544,2.050655261722629,False,review/buildings/F032.jpg,隐蔽面、远景细部、层高和尺寸为合理推测
F033,北侧远景住宅 033,flat,44,5.3681533962557815,10.699999999999994,0.4205209994683679,1.7309526634248087,False,review/buildings/F033.jpg,隐蔽面、远景细部、层高和尺寸为合理推测
F034,北侧远景住宅 034,flat,44,7.286919125329593,10.699999999999994,0.6110121901109437,1.413929135662001,False,review/buildings/F034.jpg,隐蔽面、远景细部、层高和尺寸为合理推测
F035,北侧远景住宅 035,flat,44,7.366486930308731,10.699999999999994,0.5898692810457516,1.5727330967550173,False,review/buildings/F035.jpg,隐蔽面、远景细部、层高和尺寸为合理推测
F036,北侧远景住宅 036,flat,44,6.70817502046201,10.699999999999994,0.6043599257884972,1.3963403881146808,False,review/buildings/F036.jpg,隐蔽面、远景细部、层高和尺寸为合理推测
F037,北侧远景住宅 037,flat,44,7.06270454490827,10.699999999999994,0.6060242569638811,1.547593339116947,False,review/buildings/F037.jpg,隐蔽面、远景细部、层高和尺寸为合理推测
F038,北侧远景住宅 038,flat,44,8.075433272279133,10.699999999999994,0.4783073020958484,2.015754607279547,False,review/buildings/F038.jpg,隐蔽面、远景细部、层高和尺寸为合理推测
F039,北侧远景住宅 039,flat,44,10.224349902103068,10.699999999999994,0.36067251461988303,2.157131058854118,False,review/buildings/F039.jpg,隐蔽面、远景细部、层高和尺寸为合理推测
F040,北侧远景住宅 040,flat,44,7.99853897239869,10.699999999999966,0.5104288120222826,1.8474665391187557,False,review/buildings/F040.jpg,隐蔽面、远景细部、层高和尺寸为合理推测
F041,北侧远景住宅 041,flat,44,10.220683833952522,10.699999999999994,0.4028930817610063,2.3014393074596935,False,review/buildings/F041.jpg,隐蔽面、远景细部、层高和尺寸为合理推测
F042,北侧远景住宅 042,flat,44,10.01865177260696,10.699999999999994,0.4254353691439784,2.194377088264974,False,review/buildings/F042.jpg,隐蔽面、远景细部、层高和尺寸为合理推测
F043,北侧远景住宅 043,flat,44,8.986514475996737,10.699999999999994,0.48925619834710743,1.6885529946106344,False,review/buildings/F043.jpg,隐蔽面、远景细部、层高和尺寸为合理推测
F044,北侧远景住宅 044,flat,44,8.80629762408521,10.69999999999968,0.5236522000300345,1.5709329740511064,False,review/buildings/F044.jpg,隐蔽面、远景细部、层高和尺寸为合理推测
F045,北侧远景住宅 045,flat,44,8.680535120274907,10.699999999999994,0.5579405583908736,1.4727871844867653,False,review/buildings/F045.jpg,隐蔽面、远景细部、层高和尺寸为合理推测
F046,北侧远景住宅 046,flat,44,8.93886836223559,10.699999999999994,0.43653499097653903,1.6827655778316102,False,review/buildings/F046.jpg,隐蔽面、远景细部、层高和尺寸为合理推测
F047,北侧远景住宅 047,flat,44,8.735581909950525,10.699999999999994,0.4625250501002004,1.6013668903501066,False,review/buildings/F047.jpg,隐蔽面、远景细部、层高和尺寸为合理推测
F048,北侧远景住宅 048,flat,44,9.485563929354218,10.699999999999994,0.4238307781874636,1.7842008753880096,False,review/buildings/F048.jpg,隐蔽面、远景细部、层高和尺寸为合理推测
F049,北侧远景住宅 049,flat,44,9.907072917909463,10.699999999999994,0.37059925093632956,1.8451783775559953,False,review/buildings/F049.jpg,隐蔽面、远景细部、层高和尺寸为合理推测
G001,西北侧瓦房单元 001,gable,44,10.557822898215342,5.565093681911646,0.4855025070852409,2.1978140980944363,False,review/buildings/G001.jpg,隐蔽面、远景细部、层高和尺寸为合理推测
G002,西北侧瓦房单元 002,gable,44,10.965092343056158,5.200000000000001,0.3869851159570786,2.254533826198997,False,review/buildings/G002.jpg,隐蔽面、远景细部、层高和尺寸为合理推测
G003,西北侧瓦房单元 003,gable,44,10.822831903998377,5.200000000000001,0.40438373570520963,2.203363993003095,False,review/buildings/G003.jpg,隐蔽面、远景细部、层高和尺寸为合理推测
G004,西北侧瓦房单元 004,gable,44,9.97584404889664,5.200000000000001,0.4235294117647059,2.103952685911299,False,review/buildings/G004.jpg,隐蔽面、远景细部、层高和尺寸为合理推测
G005,西北侧瓦房单元 005,gable,44,8.842888535143128,5.425333614879612,0.47207693605533996,2.4709035564124306,False,review/buildings/G005.jpg,隐蔽面、远景细部、层高和尺寸为合理推测
G006,西北侧瓦房单元 006,gable,44,7.9997191911111925,5.322680904347188,0.4961152476529621,2.4026049142964925,False,review/buildings/G006.jpg,隐蔽面、远景细部、层高和尺寸为合理推测
G007,西北侧瓦房单元 007,gable,44,8.023247632787974,5.44284791944688,0.48996108949416345,2.4318970837294946,False,review/buildings/G007.jpg,隐蔽面、远景细部、层高和尺寸为合理推测
G008,西北侧瓦房单元 008,gable,44,7.8428866073362995,5.200000000008273,0.41506384354291254,2.637618062408057,False,review/buildings/G008.jpg,隐蔽面、远景细部、层高和尺寸为合理推测
G009,西北侧瓦房单元 009,gable,44,7.428901665780162,5.207105783367595,0.5100704110037662,2.3326272584435035,False,review/buildings/G009.jpg,隐蔽面、远景细部、层高和尺寸为合理推测
G010,西北侧瓦房单元 010,gable,44,9.07622344143827,5.200000000000002,0.44754181449569186,2.0430210637837734,False,review/buildings/G010.jpg,隐蔽面、远景细部、层高和尺寸为合理推测
G011,西北侧瓦房单元 011,gable,44,10.325922447647413,5.200000000000001,0.40846546979426024,2.549190980562515,False,review/buildings/G011.jpg,隐蔽面、远景细部、层高和尺寸为合理推测
G012,西北侧瓦房单元 012,gable,44,9.74907598380876,5.200000000000001,0.4541008276899925,2.380254655214286,False,review/buildings/G012.jpg,隐蔽面、远景细部、层高和尺寸为合理推测
G014,西北侧瓦房单元 014,gable,44,7.536235438388386,5.200000000003134,0.4944216089254257,2.5862624898800273,False,review/buildings/G014.jpg,隐蔽面、远景细部、层高和尺寸为合理推测
G015,西北侧瓦房单元 015,gable,44,7.082537242484252,5.200000005914453,0.4969866853538893,2.532958124208439,False,review/buildings/G015.jpg,隐蔽面、远景细部、层高和尺寸为合理推测
G016,西北侧瓦房单元 016,gable,44,7.303482546451635,5.200000001481641,0.42511489591781565,2.947905218992361,False,review/buildings/G016.jpg,隐蔽面、远景细部、层高和尺寸为合理推测
G017,西北侧瓦房单元 017,gable,44,6.709731674844514,5.200000000000001,0.5093275488069414,2.5168747977795305,False,review/buildings/G017.jpg,隐蔽面、远景细部、层高和尺寸为合理推测
G018,西北侧瓦房单元 018,gable,44,8.549493066179734,5.200000000000023,0.4728509585652443,3.111639243402484,False,review/buildings/G018.jpg,隐蔽面、远景细部、层高和尺寸为合理推测
G019,西北侧瓦房单元 019,gable,44,7.388073080592833,5.200000000003735,0.5037380768239237,2.730830932227283,False,review/buildings/G019.jpg,隐蔽面、远景细部、层高和尺寸为合理推测
G020,西北侧瓦房单元 020,gable,44,5.9347702536327,5.200000000000001,0.41237113402061853,2.960522327726686,False,review/buildings/G020.jpg,隐蔽面、远景细部、层高和尺寸为合理推测
C001,南端路边旧灰楼,flat,20,11.80547031870513,5.03783849331263,0.9032038607904416,3.3557086993367933,True,review/buildings/C001.jpg,隐蔽面、远景细部、层高和尺寸为合理推测
C002,南端在建砖房,construction,20,14.097255866774521,6.650673614674769,0.8248987555927587,15.52272011270849,True,review/buildings/C002.jpg,隐蔽面、远景细部、层高和尺寸为合理推测
C003,南端旧白色折角住宅,flat,20,6.432134004726758,10.872829384928124,0.7826248815486666,9.09662604196961,True,review/buildings/C003.jpg,隐蔽面、远景细部、层高和尺寸为合理推测
C004,南端左侧白色住宅,flat,20,6.1397587833598575,6.9867088016650065,0.7936985826727412,6.7391282874711695,True,review/buildings/C004.jpg,隐蔽面、远景细部、层高和尺寸为合理推测
C005,南端小型附属房,flat,20,4.046513991374746,3.220234459501619,0.815514488515105,3.6204205699890215,True,review/buildings/C005.jpg,隐蔽面、远景细部、层高和尺寸为合理推测
D001,老村红顶公共建筑,gable,256,11.203510808881168,11.710265774361307,0.9267968868007028,2.3233714270401484,True,review/buildings/D001.jpg,隐蔽面、远景细部、层高和尺寸为合理推测
