id,name,type,source_seconds,roof_point_support,parent,inferred
B002,近景蓝色金属顶住宅,metal,44,219,,背面、遮挡区域、门窗及附属细节按用户授权推测；尺寸为近似值。
B003,蓝顶前方老灰楼,flat,44,7,,背面、遮挡区域、门窗及附属细节按用户授权推测；尺寸为近似值。
B004,蓝顶后侧旧混凝土楼,flat,44,627,,背面、遮挡区域、门窗及附属细节按用户授权推测；尺寸为近似值。
B005,蓝顶西侧粉灰住宅,flat,44,365,,背面、遮挡区域、门窗及附属细节按用户授权推测；尺寸为近似值。
B006,红色三层住宅,flat,44,240,,背面、遮挡区域、门窗及附属细节按用户授权推测；尺寸为近似值。
B007,红楼后方灰色三层住宅,flat,44,213,,背面、遮挡区域、门窗及附属细节按用户授权推测；尺寸为近似值。
B008,西侧白色转角阳台住宅,flat,44,66,,背面、遮挡区域、门窗及附属细节按用户授权推测；尺寸为近似值。
B009,西侧浅绿色住宅,flat,44,239,,背面、遮挡区域、门窗及附属细节按用户授权推测；尺寸为近似值。
B010,西侧白色平顶住宅,flat,44,60,,背面、遮挡区域、门窗及附属细节按用户授权推测；尺寸为近似值。
B011,画面左缘白顶住宅,flat,44,1,,背面、遮挡区域、门窗及附属细节按用户授权推测；尺寸为近似值。
B012,蓝色坡顶西侧白色住宅,flat,44,212,,背面、遮挡区域、门窗及附属细节按用户授权推测；尺寸为近似值。
B013,灰楼后方白色屋顶,flat,44,13,,背面、遮挡区域、门窗及附属细节按用户授权推测；尺寸为近似值。
B014,蓝色四坡顶别墅,hip,44,63,,背面、遮挡区域、门窗及附属细节按用户授权推测；尺寸为近似值。
B015,蓝色别墅东侧低翼,flat,44,34,,背面、遮挡区域、门窗及附属细节按用户授权推测；尺寸为近似值。
B016,池塘近端绿窗住宅,flat,44,61,,背面、遮挡区域、门窗及附属细节按用户授权推测；尺寸为近似值。
B017,池塘中段白色住宅,flat,44,177,,背面、遮挡区域、门窗及附属细节按用户授权推测；尺寸为近似值。
B018,池塘后段白色住宅,flat,44,35,,背面、遮挡区域、门窗及附属细节按用户授权推测；尺寸为近似值。
B019,池塘西侧白色多阳台住宅,flat,44,126,,背面、遮挡区域、门窗及附属细节按用户授权推测；尺寸为近似值。
B020,池塘西侧白色多阳台住宅后翼,flat,44,38,B019,背面、遮挡区域、门窗及附属细节按用户授权推测；尺寸为近似值。
B021,中区米色三层住宅,flat,44,105,,背面、遮挡区域、门窗及附属细节按用户授权推测；尺寸为近似值。
B022,中区黑栏杆白色住宅,flat,44,39,,背面、遮挡区域、门窗及附属细节按用户授权推测；尺寸为近似值。
B023,西中区白色露台住宅,flat,256,0,,背面、遮挡区域、门窗及附属细节按用户授权推测；尺寸为近似值。
B024,西中区灰绿三层住宅,flat,44,67,,背面、遮挡区域、门窗及附属细节按用户授权推测；尺寸为近似值。
B025,后区大米黄色住宅,flat,256,0,,背面、遮挡区域、门窗及附属细节按用户授权推测；尺寸为近似值。
B026,后区竖带立面住宅,flat,256,0,,背面、遮挡区域、门窗及附属细节按用户授权推测；尺寸为近似值。
B027,后区黄色长楼,flat,256,0,,背面、遮挡区域、门窗及附属细节按用户授权推测；尺寸为近似值。
B028,蓝顶前方浅灰白顶住宅,flat,44,3,,背面、遮挡区域、门窗及附属细节按用户授权推测；尺寸为近似值。
B029,近景大面积拼花屋顶住宅,flat,44,5,,背面、遮挡区域、门窗及附属细节按用户授权推测；尺寸为近似值。
B030,道路前段白色带露台住宅,flat,44,0,,背面、遮挡区域、门窗及附属细节按用户授权推测；尺寸为近似值。
B031,道路最近端白色阳台住宅,flat,44,0,,背面、遮挡区域、门窗及附属细节按用户授权推测；尺寸为近似值。
O001,老屋区瓦顶单元 001,gable,256,59,,背面、遮挡区域、门窗及附属细节按用户授权推测；尺寸为近似值。
O002,老屋区瓦顶单元 002,gable,256,0,,背面、遮挡区域、门窗及附属细节按用户授权推测；尺寸为近似值。
O003,老屋区瓦顶单元 003,gable,256,0,,背面、遮挡区域、门窗及附属细节按用户授权推测；尺寸为近似值。
O004,老屋区瓦顶单元 004,gable,256,0,,背面、遮挡区域、门窗及附属细节按用户授权推测；尺寸为近似值。
O005,老屋区瓦顶单元 005,gable,256,13,,背面、遮挡区域、门窗及附属细节按用户授权推测；尺寸为近似值。
O006,老屋区瓦顶单元 006,gable,256,0,,背面、遮挡区域、门窗及附属细节按用户授权推测；尺寸为近似值。
O007,老屋区瓦顶单元 007,gable,256,19,,背面、遮挡区域、门窗及附属细节按用户授权推测；尺寸为近似值。
O008,老屋区瓦顶单元 008,gable,256,0,,背面、遮挡区域、门窗及附属细节按用户授权推测；尺寸为近似值。
O009,老屋区瓦顶单元 009,gable,256,0,,背面、遮挡区域、门窗及附属细节按用户授权推测；尺寸为近似值。
O010,老屋区瓦顶单元 010,gable,256,0,,背面、遮挡区域、门窗及附属细节按用户授权推测；尺寸为近似值。
O011,老屋区瓦顶单元 011,gable,256,10,,背面、遮挡区域、门窗及附属细节按用户授权推测；尺寸为近似值。
O012,老屋区瓦顶单元 012,gable,256,46,,背面、遮挡区域、门窗及附属细节按用户授权推测；尺寸为近似值。
O013,老屋区瓦顶单元 013,gable,256,48,,背面、遮挡区域、门窗及附属细节按用户授权推测；尺寸为近似值。
O014,老屋区瓦顶单元 014,gable,256,32,,背面、遮挡区域、门窗及附属细节按用户授权推测；尺寸为近似值。
O015,老屋区瓦顶单元 015,gable,256,0,,背面、遮挡区域、门窗及附属细节按用户授权推测；尺寸为近似值。
O016,老屋区瓦顶单元 016,gable,256,0,,背面、遮挡区域、门窗及附属细节按用户授权推测；尺寸为近似值。
O017,老屋区瓦顶单元 017,flat,256,11,,背面、遮挡区域、门窗及附属细节按用户授权推测；尺寸为近似值。
O018,老屋区瓦顶单元 018,gable,256,21,,背面、遮挡区域、门窗及附属细节按用户授权推测；尺寸为近似值。
O019,老屋区瓦顶单元 019,gable,256,18,,背面、遮挡区域、门窗及附属细节按用户授权推测；尺寸为近似值。
O020,老屋区瓦顶单元 020,gable,256,23,,背面、遮挡区域、门窗及附属细节按用户授权推测；尺寸为近似值。
O021,老屋区瓦顶单元 021,gable,256,103,,背面、遮挡区域、门窗及附属细节按用户授权推测；尺寸为近似值。
O022,老屋区瓦顶单元 022,gable,256,41,,背面、遮挡区域、门窗及附属细节按用户授权推测；尺寸为近似值。
O023,老屋区瓦顶单元 023,gable,256,18,,背面、遮挡区域、门窗及附属细节按用户授权推测；尺寸为近似值。
O024,老屋区瓦顶单元 024,gable,256,0,,背面、遮挡区域、门窗及附属细节按用户授权推测；尺寸为近似值。
O025,老屋区瓦顶单元 025,gable,256,0,,背面、遮挡区域、门窗及附属细节按用户授权推测；尺寸为近似值。
O026,老屋区瓦顶单元 026,gable,256,0,,背面、遮挡区域、门窗及附属细节按用户授权推测；尺寸为近似值。
O027,老屋区瓦顶单元 027,gable,256,0,,背面、遮挡区域、门窗及附属细节按用户授权推测；尺寸为近似值。
O028,老屋区瓦顶单元 028,gable,256,0,,背面、遮挡区域、门窗及附属细节按用户授权推测；尺寸为近似值。
O029,老屋区瓦顶单元 029,flat,256,0,,背面、遮挡区域、门窗及附属细节按用户授权推测；尺寸为近似值。
O030,老屋区瓦顶单元 030,flat,256,0,,背面、遮挡区域、门窗及附属细节按用户授权推测；尺寸为近似值。
O031,老屋区瓦顶单元 031,gable,256,0,,背面、遮挡区域、门窗及附属细节按用户授权推测；尺寸为近似值。
O032,老屋区瓦顶单元 032,gable,256,0,,背面、遮挡区域、门窗及附属细节按用户授权推测；尺寸为近似值。
O033,老屋区瓦顶单元 033,gable,256,0,,背面、遮挡区域、门窗及附属细节按用户授权推测；尺寸为近似值。
O034,老屋区瓦顶单元 034,gable,256,0,,背面、遮挡区域、门窗及附属细节按用户授权推测；尺寸为近似值。
O035,老屋区瓦顶单元 035,gable,256,0,,背面、遮挡区域、门窗及附属细节按用户授权推测；尺寸为近似值。
O036,老屋区瓦顶单元 036,gable,256,0,,背面、遮挡区域、门窗及附属细节按用户授权推测；尺寸为近似值。
O037,老屋区瓦顶单元 037,gable,256,0,,背面、遮挡区域、门窗及附属细节按用户授权推测；尺寸为近似值。
O038,老屋区瓦顶单元 038,gable,256,0,,背面、遮挡区域、门窗及附属细节按用户授权推测；尺寸为近似值。
O039,老屋区瓦顶单元 039,gable,256,0,,背面、遮挡区域、门窗及附属细节按用户授权推测；尺寸为近似值。
O040,老屋区瓦顶单元 040,gable,256,0,,背面、遮挡区域、门窗及附属细节按用户授权推测；尺寸为近似值。
O041,老屋区瓦顶单元 041,gable,256,0,,背面、遮挡区域、门窗及附属细节按用户授权推测；尺寸为近似值。
O042,老屋区瓦顶单元 042,gable,256,0,,背面、遮挡区域、门窗及附属细节按用户授权推测；尺寸为近似值。
O043,老屋区瓦顶单元 043,gable,256,0,,背面、遮挡区域、门窗及附属细节按用户授权推测；尺寸为近似值。
O044,老屋区瓦顶单元 044,gable,256,91,,背面、遮挡区域、门窗及附属细节按用户授权推测；尺寸为近似值。
O045,老屋区瓦顶单元 045,gable,256,0,,背面、遮挡区域、门窗及附属细节按用户授权推测；尺寸为近似值。
O046,老屋区瓦顶单元 046,gable,256,0,,背面、遮挡区域、门窗及附属细节按用户授权推测；尺寸为近似值。
O047,老屋区瓦顶单元 047,gable,256,0,,背面、遮挡区域、门窗及附属细节按用户授权推测；尺寸为近似值。
O048,老屋区瓦顶单元 048,gable,256,0,,背面、遮挡区域、门窗及附属细节按用户授权推测；尺寸为近似值。
O049,老屋区瓦顶单元 049,gable,256,0,,背面、遮挡区域、门窗及附属细节按用户授权推测；尺寸为近似值。
O050,老屋区瓦顶单元 050,gable,256,0,,背面、遮挡区域、门窗及附属细节按用户授权推测；尺寸为近似值。
O051,老屋区瓦顶单元 051,gable,256,0,,背面、遮挡区域、门窗及附属细节按用户授权推测；尺寸为近似值。
O052,老屋区瓦顶单元 052,gable,256,0,,背面、遮挡区域、门窗及附属细节按用户授权推测；尺寸为近似值。
O053,老屋区瓦顶单元 053,gable,256,0,,背面、遮挡区域、门窗及附属细节按用户授权推测；尺寸为近似值。
O054,老屋区瓦顶单元 054,gable,256,0,,背面、遮挡区域、门窗及附属细节按用户授权推测；尺寸为近似值。
O055,老屋区瓦顶单元 055,gable,256,0,,背面、遮挡区域、门窗及附属细节按用户授权推测；尺寸为近似值。
O056,老屋区瓦顶单元 056,gable,256,0,,背面、遮挡区域、门窗及附属细节按用户授权推测；尺寸为近似值。
O057,老屋区瓦顶单元 057,gable,256,0,,背面、遮挡区域、门窗及附属细节按用户授权推测；尺寸为近似值。
O058,老屋区瓦顶单元 058,gable,256,0,,背面、遮挡区域、门窗及附属细节按用户授权推测；尺寸为近似值。
O059,老屋区瓦顶单元 059,gable,256,23,,背面、遮挡区域、门窗及附属细节按用户授权推测；尺寸为近似值。
O060,老屋区瓦顶单元 060,metal,256,0,,背面、遮挡区域、门窗及附属细节按用户授权推测；尺寸为近似值。
O061,老屋区瓦顶单元 061,flat,256,259,,背面、遮挡区域、门窗及附属细节按用户授权推测；尺寸为近似值。
O062,老屋区瓦顶单元 062,metal,256,0,,背面、遮挡区域、门窗及附属细节按用户授权推测；尺寸为近似值。
O063,老屋区瓦顶单元 063,flat,256,89,,背面、遮挡区域、门窗及附属细节按用户授权推测；尺寸为近似值。
O064,老屋区瓦顶单元 064,gable,256,55,,背面、遮挡区域、门窗及附属细节按用户授权推测；尺寸为近似值。
O065,老屋区瓦顶单元 065,gable,256,0,,背面、遮挡区域、门窗及附属细节按用户授权推测；尺寸为近似值。
O066,老屋区瓦顶单元 066,gable,256,0,,背面、遮挡区域、门窗及附属细节按用户授权推测；尺寸为近似值。
O067,老屋区瓦顶单元 067,gable,256,0,,背面、遮挡区域、门窗及附属细节按用户授权推测；尺寸为近似值。
O068,老屋区瓦顶单元 068,gable,256,12,,背面、遮挡区域、门窗及附属细节按用户授权推测；尺寸为近似值。
O069,老屋区瓦顶单元 069,gable,256,20,,背面、遮挡区域、门窗及附属细节按用户授权推测；尺寸为近似值。
O070,老屋区瓦顶单元 070,gable,256,23,,背面、遮挡区域、门窗及附属细节按用户授权推测；尺寸为近似值。
O071,老屋区瓦顶单元 071,gable,256,0,,背面、遮挡区域、门窗及附属细节按用户授权推测；尺寸为近似值。
O072,老屋区瓦顶单元 072,gable,256,29,,背面、遮挡区域、门窗及附属细节按用户授权推测；尺寸为近似值。
O073,老屋区瓦顶单元 073,gable,256,52,,背面、遮挡区域、门窗及附属细节按用户授权推测；尺寸为近似值。
O074,老屋区瓦顶单元 074,gable,256,13,,背面、遮挡区域、门窗及附属细节按用户授权推测；尺寸为近似值。
O075,老屋区瓦顶单元 075,gable,256,40,,背面、遮挡区域、门窗及附属细节按用户授权推测；尺寸为近似值。
O076,老屋区瓦顶单元 076,gable,256,17,,背面、遮挡区域、门窗及附属细节按用户授权推测；尺寸为近似值。
O077,老屋区瓦顶单元 077,gable,256,11,O076,背面、遮挡区域、门窗及附属细节按用户授权推测；尺寸为近似值。
O078,老屋区瓦顶单元 078,gable,256,0,,背面、遮挡区域、门窗及附属细节按用户授权推测；尺寸为近似值。
O079,老屋区瓦顶单元 079,gable,256,63,,背面、遮挡区域、门窗及附属细节按用户授权推测；尺寸为近似值。
O080,老屋区瓦顶单元 080,gable,256,0,,背面、遮挡区域、门窗及附属细节按用户授权推测；尺寸为近似值。
O081,老屋区瓦顶单元 081,gable,256,75,,背面、遮挡区域、门窗及附属细节按用户授权推测；尺寸为近似值。
O082,老屋区瓦顶单元 082,gable,256,135,,背面、遮挡区域、门窗及附属细节按用户授权推测；尺寸为近似值。
O083,老屋区瓦顶单元 083,gable,256,15,,背面、遮挡区域、门窗及附属细节按用户授权推测；尺寸为近似值。
O084,老屋区瓦顶单元 084,gable,256,30,,背面、遮挡区域、门窗及附属细节按用户授权推测；尺寸为近似值。
O085,老屋区瓦顶单元 085,gable,256,33,,背面、遮挡区域、门窗及附属细节按用户授权推测；尺寸为近似值。
O086,老屋区瓦顶单元 086,gable,256,52,,背面、遮挡区域、门窗及附属细节按用户授权推测；尺寸为近似值。
O087,老屋区瓦顶单元 087,gable,256,18,,背面、遮挡区域、门窗及附属细节按用户授权推测；尺寸为近似值。
O088,老屋区瓦顶单元 088,gable,256,84,,背面、遮挡区域、门窗及附属细节按用户授权推测；尺寸为近似值。
O089,老屋区瓦顶单元 089,gable,256,0,,背面、遮挡区域、门窗及附属细节按用户授权推测；尺寸为近似值。
O090,老屋区瓦顶单元 090,gable,256,7,,背面、遮挡区域、门窗及附属细节按用户授权推测；尺寸为近似值。
O091,老屋区瓦顶单元 091,gable,256,0,,背面、遮挡区域、门窗及附属细节按用户授权推测；尺寸为近似值。
O092,老屋区瓦顶单元 092,gable,256,9,,背面、遮挡区域、门窗及附属细节按用户授权推测；尺寸为近似值。
O094,老屋区瓦顶单元 094,gable,256,53,,背面、遮挡区域、门窗及附属细节按用户授权推测；尺寸为近似值。
O095,老屋区瓦顶单元 095,gable,256,0,,背面、遮挡区域、门窗及附属细节按用户授权推测；尺寸为近似值。
O096,老屋区瓦顶单元 096,gable,256,0,,背面、遮挡区域、门窗及附属细节按用户授权推测；尺寸为近似值。
R001,返航北池边灰色住宅,flat,256,172,,背面、遮挡区域、门窗及附属细节按用户授权推测；尺寸为近似值。
R002,返航北池边白色窄楼,flat,256,0,,背面、遮挡区域、门窗及附属细节按用户授权推测；尺寸为近似值。
R004,返航北池边白色长楼,flat,256,484,,背面、遮挡区域、门窗及附属细节按用户授权推测；尺寸为近似值。
R007,返航北池边老灰楼,flat,256,405,,背面、遮挡区域、门窗及附属细节按用户授权推测；尺寸为近似值。
R008,返航北池边旧屋顶,flat,256,59,,背面、遮挡区域、门窗及附属细节按用户授权推测；尺寸为近似值。
R009,返航北池边西侧蓝顶楼,flat,256,105,,背面、遮挡区域、门窗及附属细节按用户授权推测；尺寸为近似值。
R010,返航北池边西侧红瓦露台楼,flat,256,232,,背面、遮挡区域、门窗及附属细节按用户授权推测；尺寸为近似值。
R011,返航北池边西侧小白楼,flat,256,70,,背面、遮挡区域、门窗及附属细节按用户授权推测；尺寸为近似值。
R012,返航北池边西侧米色楼,flat,256,349,,背面、遮挡区域、门窗及附属细节按用户授权推测；尺寸为近似值。
R013,返航北池边西侧拼花顶白楼,flat,256,769,,背面、遮挡区域、门窗及附属细节按用户授权推测；尺寸为近似值。
R014,返航北池边西侧低灰楼,flat,256,144,,背面、遮挡区域、门窗及附属细节按用户授权推测；尺寸为近似值。
R015,返航北池边中央平顶旧楼,flat,256,0,,背面、遮挡区域、门窗及附属细节按用户授权推测；尺寸为近似值。
R016,村内白色高窄楼,flat,256,0,,背面、遮挡区域、门窗及附属细节按用户授权推测；尺寸为近似值。
R017,村内白色长露台楼,flat,256,0,,背面、遮挡区域、门窗及附属细节按用户授权推测；尺寸为近似值。
R018,村内灰色旧三层楼,flat,256,0,,背面、遮挡区域、门窗及附属细节按用户授权推测；尺寸为近似值。
R020,东侧灰色三层住宅,flat,256,79,,背面、遮挡区域、门窗及附属细节按用户授权推测；尺寸为近似值。
R021,东南侧白色转角大住宅,flat,256,0,,背面、遮挡区域、门窗及附属细节按用户授权推测；尺寸为近似值。
R022,东南侧白色大露台住宅,flat,256,0,,背面、遮挡区域、门窗及附属细节按用户授权推测；尺寸为近似值。
R023,东南侧白色宽体住宅,flat,256,0,,背面、遮挡区域、门窗及附属细节按用户授权推测；尺寸为近似值。
R024,东南侧带光伏屋顶住宅,solar,256,0,,背面、遮挡区域、门窗及附属细节按用户授权推测；尺寸为近似值。
R025,村南侧浅黄色屋顶住宅,flat,256,7,,背面、遮挡区域、门窗及附属细节按用户授权推测；尺寸为近似值。
R026,村南侧灰色窄楼,flat,256,41,,背面、遮挡区域、门窗及附属细节按用户授权推测；尺寸为近似值。
R027,村南側棕色窄楼,flat,256,21,,背面、遮挡区域、门窗及附属细节按用户授权推测；尺寸为近似值。
R028,村南侧最前方白色露台楼,flat,256,0,,背面、遮挡区域、门窗及附属细节按用户授权推测；尺寸为近似值。
R029,村南侧最前方白色长楼,flat,256,0,,背面、遮挡区域、门窗及附属细节按用户授权推测；尺寸为近似值。
R030,村南侧近景蓝色金属顶,metal,256,0,,背面、遮挡区域、门窗及附属细节按用户授权推测；尺寸为近似值。
R031,村南侧近景白色窄楼,flat,256,0,,背面、遮挡区域、门窗及附属细节按用户授权推测；尺寸为近似值。
A001,近路白色露台住宅,flat,0,6,,背面、遮挡区域、门窗及附属细节按用户授权推测；尺寸为近似值。
A002,近路米色白顶住宅,flat,0,4,,背面、遮挡区域、门窗及附属细节按用户授权推测；尺寸为近似值。
A003,近路白色折角屋顶住宅,flat,0,7,,背面、遮挡区域、门窗及附属细节按用户授权推测；尺寸为近似值。
A004,近路最前方光伏住宅,solar,0,11,,背面、遮挡区域、门窗及附属细节按用户授权推测；尺寸为近似值。
A005,近路最前方白色折角住宅,flat,0,11,,背面、遮挡区域、门窗及附属细节按用户授权推测；尺寸为近似值。
A006,中列近景白色长屋顶,flat,0,3,,背面、遮挡区域、门窗及附属细节按用户授权推测；尺寸为近似值。
A007,中列最近景白色窄长屋顶,flat,0,13,,背面、遮挡区域、门窗及附属细节按用户授权推测；尺寸为近似值。
A008,中列近景白色露台住宅,flat,0,3,,背面、遮挡区域、门窗及附属细节按用户授权推测；尺寸为近似值。
A009,中列近景灰色平顶住宅,flat,0,17,,背面、遮挡区域、门窗及附属细节按用户授权推测；尺寸为近似值。
A010,中列中段白色大露台住宅,flat,0,4,,背面、遮挡区域、门窗及附属细节按用户授权推测；尺寸为近似值。
A011,中列中段光伏住宅,solar,0,0,,背面、遮挡区域、门窗及附属细节按用户授权推测；尺寸为近似值。
A012,中列西侧光伏住宅,solar,0,1,,背面、遮挡区域、门窗及附属细节按用户授权推测；尺寸为近似值。
A013,西中列白色窄长露台楼,flat,0,2,,背面、遮挡区域、门窗及附属细节按用户授权推测；尺寸为近似值。
A014,西中列近景白顶楼,flat,0,5,,背面、遮挡区域、门窗及附属细节按用户授权推测；尺寸为近似值。
A015,西中列灰色旧屋顶楼,flat,0,31,,背面、遮挡区域、门窗及附属细节按用户授权推测；尺寸为近似值。
A016,西侧大拼花露台楼,flat,0,18,,背面、遮挡区域、门窗及附属细节按用户授权推测；尺寸为近似值。
A017,西侧近景白顶楼,flat,0,5,,背面、遮挡区域、门窗及附属细节按用户授权推测；尺寸为近似值。
A018,西中区拼花露台住宅,flat,0,25,,背面、遮挡区域、门窗及附属细节按用户授权推测；尺寸为近似值。
A019,西侧黄色三层住宅,flat,0,13,,背面、遮挡区域、门窗及附属细节按用户授权推测；尺寸为近似值。
A020,西中区白色折角住宅,flat,0,5,,背面、遮挡区域、门窗及附属细节按用户授权推测；尺寸为近似值。
A021,西中区棕灰色平顶住宅,flat,0,6,,背面、遮挡区域、门窗及附属细节按用户授权推测；尺寸为近似值。
A022,西中区白顶矮层住宅,flat,0,1,,背面、遮挡区域、门窗及附属细节按用户授权推测；尺寸为近似值。
A023,中列暖白色三层住宅,flat,0,8,,背面、遮挡区域、门窗及附属细节按用户授权推测；尺寸为近似值。
A024,中列前方白色窄楼,flat,0,4,,背面、遮挡区域、门窗及附属细节按用户授权推测；尺寸为近似值。
A025,中列前方白色宽楼,flat,0,2,,背面、遮挡区域、门窗及附属细节按用户授权推测；尺寸为近似值。
A026,中列前方白色低翼,flat,0,3,,背面、遮挡区域、门窗及附属细节按用户授权推测；尺寸为近似值。
A027,中西列浅黄三层楼,flat,0,2,,背面、遮挡区域、门窗及附属细节按用户授权推测；尺寸为近似值。
A028,中西列白色三层露台楼,flat,0,6,,背面、遮挡区域、门窗及附属细节按用户授权推测；尺寸为近似值。
A029,中西列白色屋顶前翼,flat,0,1,,背面、遮挡区域、门窗及附属细节按用户授权推测；尺寸为近似值。
A030,西侧中段灰顶白色三层楼,flat,0,3,,背面、遮挡区域、门窗及附属细节按用户授权推测；尺寸为近似值。
A031,西侧中段白顶三层楼,flat,0,4,,背面、遮挡区域、门窗及附属细节按用户授权推测；尺寸为近似值。
A032,西侧中段浅黄屋顶楼,flat,0,7,,背面、遮挡区域、门窗及附属细节按用户授权推测；尺寸为近似值。
A033,西侧中段白色窄楼,flat,0,2,,背面、遮挡区域、门窗及附属细节按用户授权推测；尺寸为近似值。
A034,西侧带顶楼阳台住宅,flat,0,7,,背面、遮挡区域、门窗及附属细节按用户授权推测；尺寸为近似值。
A035,西侧中段灰色三层楼,flat,0,7,,背面、遮挡区域、门窗及附属细节按用户授权推测；尺寸为近似值。
A036,左边缘白色长露台楼,flat,0,1,,背面、遮挡区域、门窗及附属细节按用户授权推测；尺寸为近似值。
A037,左边缘白色宽露台楼,flat,0,1,,背面、遮挡区域、门窗及附属细节按用户授权推测；尺寸为近似值。
A038,左边缘白顶高楼,flat,0,0,,背面、遮挡区域、门窗及附属细节按用户授权推测；尺寸为近似值。
A039,左边缘白顶中段低翼,flat,0,0,,背面、遮挡区域、门窗及附属细节按用户授权推测；尺寸为近似值。
A040,左边缘白色折角三层楼,flat,0,6,,背面、遮挡区域、门窗及附属细节按用户授权推测；尺寸为近似值。
A041,左边缘白色中段住宅,flat,0,1,,背面、遮挡区域、门窗及附属细节按用户授权推测；尺寸为近似值。
A042,近路旧混凝土低楼,flat,0,17,,背面、遮挡区域、门窗及附属细节按用户授权推测；尺寸为近似值。
A043,近路旧混凝土低楼东翼,flat,0,0,,背面、遮挡区域、门窗及附属细节按用户授权推测；尺寸为近似值。
A044,近路中段露台低楼,flat,0,0,,背面、遮挡区域、门窗及附属细节按用户授权推测；尺寸为近似值。
A045,近路中段南露台低楼,flat,0,0,,背面、遮挡区域、门窗及附属细节按用户授权推测；尺寸为近似值。
A046,近路后段大露台低楼,flat,0,0,,背面、遮挡区域、门窗及附属细节按用户授权推测；尺寸为近似值。
A047,中列旧灰色屋顶后翼,flat,0,5,,背面、遮挡区域、门窗及附属细节按用户授权推测；尺寸为近似值。
A048,西中列旧灰色屋顶后翼,flat,0,6,,背面、遮挡区域、门窗及附属细节按用户授权推测；尺寸为近似值。
A049,西侧中段白色窄露台楼,flat,0,2,,背面、遮挡区域、门窗及附属细节按用户授权推测；尺寸为近似值。
A050,西侧近景露台高楼附翼,flat,0,5,,背面、遮挡区域、门窗及附属细节按用户授权推测；尺寸为近似值。
N001,北路西端米色窄楼,flat,76,16,,背面、遮挡区域、门窗及附属细节按用户授权推测；尺寸为近似值。
N002,北路西端灰白宽体楼,flat,76,35,,背面、遮挡区域、门窗及附属细节按用户授权推测；尺寸为近似值。
N003,北路中段在建楼,flat,76,2,,背面、遮挡区域、门窗及附属细节按用户授权推测；尺寸为近似值。
N004,北路中段白色拱窗楼,flat,76,11,,背面、遮挡区域、门窗及附属细节按用户授权推测；尺寸为近似值。
N005,北路中段白色阳台楼,flat,76,3,,背面、遮挡区域、门窗及附属细节按用户授权推测；尺寸为近似值。
N006,北路东端灰色楼,flat,76,2,,背面、遮挡区域、门窗及附属细节按用户授权推测；尺寸为近似值。
N007,北路东侧两层长楼,flat,76,349,,背面、遮挡区域、门窗及附属细节按用户授权推测；尺寸为近似值。
N008,北路小白色服务房,flat,76,31,,背面、遮挡区域、门窗及附属细节按用户授权推测；尺寸为近似值。
N009,北路小灰色服务房,flat,76,39,,背面、遮挡区域、门窗及附属细节按用户授权推测；尺寸为近似值。
N010,北路住宅区灰色旧矮楼,flat,76,318,,背面、遮挡区域、门窗及附属细节按用户授权推测；尺寸为近似值。
N011,北路住宅区灰色一层长楼,flat,76,19,,背面、遮挡区域、门窗及附属细节按用户授权推测；尺寸为近似值。
N012,北路左侧白色平顶住宅,flat,76,40,,背面、遮挡区域、门窗及附属细节按用户授权推测；尺寸为近似值。
N013,北路左侧白色露台住宅,flat,76,0,,背面、遮挡区域、门窗及附属细节按用户授权推测；尺寸为近似值。
N014,北路左侧白色小露台楼,flat,76,52,,背面、遮挡区域、门窗及附属细节按用户授权推测；尺寸为近似值。
N015,北村东缘白色三层楼,flat,104,0,,背面、遮挡区域、门窗及附属细节按用户授权推测；尺寸为近似值。
N016,北村东缘蓝色四坡顶楼,hip,104,0,,背面、遮挡区域、门窗及附属细节按用户授权推测；尺寸为近似值。
N017,北村东缘白色露台楼,flat,104,2,,背面、遮挡区域、门窗及附属细节按用户授权推测；尺寸为近似值。
N018,北村东缘金属顶库房,metal,104,0,,背面、遮挡区域、门窗及附属细节按用户授权推测；尺寸为近似值。
N019,池塘东侧独立灰色住宅,flat,44,1,,背面、遮挡区域、门窗及附属细节按用户授权推测；尺寸为近似值。
N020,池塘东侧蓝色矮棚,metal,44,8,,背面、遮挡区域、门窗及附属细节按用户授权推测；尺寸为近似值。
N021,近路田边白色小屋,flat,44,16,,背面、遮挡区域、门窗及附属细节按用户授权推测；尺寸为近似值。
B032,裸砖高层邻屋,flat,44,116,,背面、遮挡区域、门窗及附属细节按用户授权推测；尺寸为近似值。
B033,裸砖高层邻屋南翼,flat,44,138,B032,背面、遮挡区域、门窗及附属细节按用户授权推测；尺寸为近似值。
B034,近景中列白色折角屋顶住宅,flat,44,0,,背面、遮挡区域、门窗及附属细节按用户授权推测；尺寸为近似值。
B035,白色拱窗住宅后方独立白顶住宅,flat,256,0,,背面、遮挡区域、门窗及附属细节按用户授权推测；尺寸为近似值。
F002,北侧村群住宅 002,flat,88,1,,背面、遮挡区域、门窗及附属细节按用户授权推测；尺寸为近似值。
F003,北侧村群住宅 003,flat,88,2,,背面、遮挡区域、门窗及附属细节按用户授权推测；尺寸为近似值。
F004,北侧村群住宅 004,flat,88,3,,背面、遮挡区域、门窗及附属细节按用户授权推测；尺寸为近似值。
F005,北侧村群住宅 005,flat,88,1,,背面、遮挡区域、门窗及附属细节按用户授权推测；尺寸为近似值。
F006,北侧村群住宅 006,flat,88,1,,背面、遮挡区域、门窗及附属细节按用户授权推测；尺寸为近似值。
F007,北侧村群住宅 007,flat,88,3,,背面、遮挡区域、门窗及附属细节按用户授权推测；尺寸为近似值。
F008,北侧村群住宅 008,flat,88,3,F004,背面、遮挡区域、门窗及附属细节按用户授权推测；尺寸为近似值。
F009,北侧村群住宅 009,flat,88,2,,背面、遮挡区域、门窗及附属细节按用户授权推测；尺寸为近似值。
F010,北侧村群住宅 010,flat,88,4,,背面、遮挡区域、门窗及附属细节按用户授权推测；尺寸为近似值。
F011,北侧村群住宅 011,flat,88,0,,背面、遮挡区域、门窗及附属细节按用户授权推测；尺寸为近似值。
F012,北侧村群住宅 012,flat,88,0,,背面、遮挡区域、门窗及附属细节按用户授权推测；尺寸为近似值。
F013,北侧村群住宅 013,flat,88,1,,背面、遮挡区域、门窗及附属细节按用户授权推测；尺寸为近似值。
F014,北侧村群住宅 014,flat,88,3,F009,背面、遮挡区域、门窗及附属细节按用户授权推测；尺寸为近似值。
F015,北侧远景住宅 015,flat,44,0,,背面、遮挡区域、门窗及附属细节按用户授权推测；尺寸为近似值。
F016,北侧远景住宅 016,flat,44,0,,背面、遮挡区域、门窗及附属细节按用户授权推测；尺寸为近似值。
F017,北侧远景住宅 017,flat,44,0,,背面、遮挡区域、门窗及附属细节按用户授权推测；尺寸为近似值。
F018,北侧远景住宅 018,flat,44,0,,背面、遮挡区域、门窗及附属细节按用户授权推测；尺寸为近似值。
F019,北侧远景住宅 019,flat,44,0,,背面、遮挡区域、门窗及附属细节按用户授权推测；尺寸为近似值。
F020,北侧远景住宅 020,flat,44,0,,背面、遮挡区域、门窗及附属细节按用户授权推测；尺寸为近似值。
F021,北侧远景住宅 021,flat,44,0,,背面、遮挡区域、门窗及附属细节按用户授权推测；尺寸为近似值。
F022,北侧远景住宅 022,flat,44,0,,背面、遮挡区域、门窗及附属细节按用户授权推测；尺寸为近似值。
F023,北侧远景住宅 023,flat,44,0,,背面、遮挡区域、门窗及附属细节按用户授权推测；尺寸为近似值。
F025,北侧远景住宅 025,flat,44,0,,背面、遮挡区域、门窗及附属细节按用户授权推测；尺寸为近似值。
F026,北侧远景住宅 026,flat,44,2,,背面、遮挡区域、门窗及附属细节按用户授权推测；尺寸为近似值。
F027,北侧远景住宅 027,flat,44,0,,背面、遮挡区域、门窗及附属细节按用户授权推测；尺寸为近似值。
F028,北侧远景住宅 028,flat,44,4,,背面、遮挡区域、门窗及附属细节按用户授权推测；尺寸为近似值。
F029,北侧远景住宅 029,flat,44,8,,背面、遮挡区域、门窗及附属细节按用户授权推测；尺寸为近似值。
F030,北侧远景住宅 030,flat,44,0,,背面、遮挡区域、门窗及附属细节按用户授权推测；尺寸为近似值。
F031,北侧远景住宅 031,flat,44,0,,背面、遮挡区域、门窗及附属细节按用户授权推测；尺寸为近似值。
F032,北侧远景住宅 032,flat,44,0,,背面、遮挡区域、门窗及附属细节按用户授权推测；尺寸为近似值。
F033,北侧远景住宅 033,flat,44,0,,背面、遮挡区域、门窗及附属细节按用户授权推测；尺寸为近似值。
F034,北侧远景住宅 034,flat,44,12,,背面、遮挡区域、门窗及附属细节按用户授权推测；尺寸为近似值。
F035,北侧远景住宅 035,flat,44,26,,背面、遮挡区域、门窗及附属细节按用户授权推测；尺寸为近似值。
F036,北侧远景住宅 036,flat,44,9,,背面、遮挡区域、门窗及附属细节按用户授权推测；尺寸为近似值。
F037,北侧远景住宅 037,flat,44,14,,背面、遮挡区域、门窗及附属细节按用户授权推测；尺寸为近似值。
F038,北侧远景住宅 038,flat,44,4,,背面、遮挡区域、门窗及附属细节按用户授权推测；尺寸为近似值。
F039,北侧远景住宅 039,flat,44,0,,背面、遮挡区域、门窗及附属细节按用户授权推测；尺寸为近似值。
F040,北侧远景住宅 040,flat,44,21,,背面、遮挡区域、门窗及附属细节按用户授权推测；尺寸为近似值。
F041,北侧远景住宅 041,flat,44,0,,背面、遮挡区域、门窗及附属细节按用户授权推测；尺寸为近似值。
F042,北侧远景住宅 042,flat,44,1,,背面、遮挡区域、门窗及附属细节按用户授权推测；尺寸为近似值。
F043,北侧远景住宅 043,flat,44,0,,背面、遮挡区域、门窗及附属细节按用户授权推测；尺寸为近似值。
F044,北侧远景住宅 044,flat,44,0,,背面、遮挡区域、门窗及附属细节按用户授权推测；尺寸为近似值。
F045,北侧远景住宅 045,flat,44,0,,背面、遮挡区域、门窗及附属细节按用户授权推测；尺寸为近似值。
F046,北侧远景住宅 046,flat,44,0,,背面、遮挡区域、门窗及附属细节按用户授权推测；尺寸为近似值。
F047,北侧远景住宅 047,flat,44,0,,背面、遮挡区域、门窗及附属细节按用户授权推测；尺寸为近似值。
F048,北侧远景住宅 048,flat,44,0,,背面、遮挡区域、门窗及附属细节按用户授权推测；尺寸为近似值。
F049,北侧远景住宅 049,flat,44,0,,背面、遮挡区域、门窗及附属细节按用户授权推测；尺寸为近似值。
G001,西北侧瓦房单元 001,gable,44,0,,背面、遮挡区域、门窗及附属细节按用户授权推测；尺寸为近似值。
G002,西北侧瓦房单元 002,gable,44,0,,背面、遮挡区域、门窗及附属细节按用户授权推测；尺寸为近似值。
G003,西北侧瓦房单元 003,gable,44,0,,背面、遮挡区域、门窗及附属细节按用户授权推测；尺寸为近似值。
G004,西北侧瓦房单元 004,gable,44,0,,背面、遮挡区域、门窗及附属细节按用户授权推测；尺寸为近似值。
G005,西北侧瓦房单元 005,gable,44,15,,背面、遮挡区域、门窗及附属细节按用户授权推测；尺寸为近似值。
G006,西北侧瓦房单元 006,gable,44,6,,背面、遮挡区域、门窗及附属细节按用户授权推测；尺寸为近似值。
G007,西北侧瓦房单元 007,gable,44,8,,背面、遮挡区域、门窗及附属细节按用户授权推测；尺寸为近似值。
G008,西北侧瓦房单元 008,gable,44,6,,背面、遮挡区域、门窗及附属细节按用户授权推测；尺寸为近似值。
G009,西北侧瓦房单元 009,gable,44,10,,背面、遮挡区域、门窗及附属细节按用户授权推测；尺寸为近似值。
G010,西北侧瓦房单元 010,gable,44,8,,背面、遮挡区域、门窗及附属细节按用户授权推测；尺寸为近似值。
G011,西北侧瓦房单元 011,gable,44,0,,背面、遮挡区域、门窗及附属细节按用户授权推测；尺寸为近似值。
G012,西北侧瓦房单元 012,gable,44,0,,背面、遮挡区域、门窗及附属细节按用户授权推测；尺寸为近似值。
G014,西北侧瓦房单元 014,gable,44,4,,背面、遮挡区域、门窗及附属细节按用户授权推测；尺寸为近似值。
G015,西北侧瓦房单元 015,gable,44,16,,背面、遮挡区域、门窗及附属细节按用户授权推测；尺寸为近似值。
G016,西北侧瓦房单元 016,gable,44,16,,背面、遮挡区域、门窗及附属细节按用户授权推测；尺寸为近似值。
G017,西北侧瓦房单元 017,gable,44,10,,背面、遮挡区域、门窗及附属细节按用户授权推测；尺寸为近似值。
G018,西北侧瓦房单元 018,gable,44,0,,背面、遮挡区域、门窗及附属细节按用户授权推测；尺寸为近似值。
G019,西北侧瓦房单元 019,gable,44,0,,背面、遮挡区域、门窗及附属细节按用户授权推测；尺寸为近似值。
G020,西北侧瓦房单元 020,gable,44,8,,背面、遮挡区域、门窗及附属细节按用户授权推测；尺寸为近似值。
C001,南端路边旧灰楼,flat,20,55,,背面、遮挡区域、门窗及附属细节按用户授权推测；尺寸为近似值。
C002,南端在建砖房,construction,20,571,,背面、遮挡区域、门窗及附属细节按用户授权推测；尺寸为近似值。
C003,南端旧白色折角住宅,flat,20,2594,,背面、遮挡区域、门窗及附属细节按用户授权推测；尺寸为近似值。
C004,南端左侧白色住宅,flat,20,14,,背面、遮挡区域、门窗及附属细节按用户授权推测；尺寸为近似值。
C005,南端小型附属房,flat,20,2,,背面、遮挡区域、门窗及附属细节按用户授权推测；尺寸为近似值。
D001,老村红顶公共建筑,gable,256,0,,背面、遮挡区域、门窗及附属细节按用户授权推测；尺寸为近似值。
